stateabbr,statedesc,locationname,locationid,totalpopulation,health_burden_score,burden_percentile,burden_category,indicator_count,indicator_completeness,top_indicator_1,top_indicator_2,top_indicator_3,OBESITY_z,DIABETES_z,BPHIGH_z,STROKE_z,COPD_z,DEPRESSION_z,CSMOKING_z,LPA_z,GHLTH_z,MHLTH_z,ACCESS2_z
SD,South Dakota,Oglala Lakota,46102,13434,3.591987579071729,100.0,Very High,11,1.0,CSMOKING,STROKE,DIABETES,2.1228929017082967,5.421222673288186,1.925708861969464,6.681699939357627,5.180456969113239,-0.1625809507404485,6.763474928533056,2.72392902970181,4.387267632643574,2.945829086609196,1.5219622976050151
SD,South Dakota,Todd,46121,9199,3.334740947028234,99.96617050067658,Very High,11,1.0,CSMOKING,STROKE,DIABETES,2.649783868748576,5.0349673090096205,1.7538188555985694,6.034456957594402,4.72790567173459,-0.1914868385299814,6.085922158848247,2.83525250518033,3.9574462849540617,2.545915390807741,1.2481682533644238
LA,Louisiana,East Carroll,22035,6829,3.16297839622122,99.93234100135318,Very High,11,1.0,STROKE,DIABETES,GHLTH,2.965918448972744,4.3482911058477285,4.074333941605647,5.22540323039037,3.693502706297677,0.2710073661025395,3.6015620033372784,3.169222931615895,4.086392689260916,2.4459369668573783,0.9111909681452336
TN,Tennessee,Lake,47095,6347,2.7473138278883984,99.89851150202978,Very High,11,1.0,COPD,CSMOKING,GHLTH,2.038590346981851,2.846186911431089,2.8496176462130216,3.121863539659888,4.146054003676327,1.5139605410524388,3.799181561162015,2.2229733900484634,3.248241061266367,2.595904602782924,1.8378785024980056
AK,Alaska,Kusilvak,2158,8001,2.739373134949425,99.86468200270636,Very High,11,1.0,CSMOKING,STROKE,GHLTH,1.975363430937018,2.932021436826325,1.7108463540058452,4.739970994067951,3.4995521502782565,-0.393828053056709,5.803608504812909,2.130203827149696,3.9359552175695858,2.4459369668573783,1.3534736549954207
LA,Louisiana,Madison,22065,9246,2.72205562151747,99.83085250338294,Very High,11,1.0,STROKE,DIABETES,BPHIGH,2.6287082300669646,3.6186976399882185,3.451232668511154,4.254538757745532,3.1116510382394145,0.9069368974722553,2.7828524066348,2.872360330339838,3.3771874655732206,2.595904602782924,0.3425417993378505
AL,Alabama,Bullock,1011,9897,2.702222365794914,99.79702300405954,Very High,11,1.0,STROKE,DIABETES,BPHIGH,2.818388978201465,4.3482911058477285,4.052847690809284,4.739970994067951,2.723749926200571,-0.6828869309520343,2.4158446563888605,2.909468155499346,3.678062408955878,1.3461743034033806,1.3745347353216195
WV,West Virginia,McDowell,54047,17439,2.702202630034302,99.76319350473612,Very High,11,1.0,COPD,MHLTH,CSMOKING,1.785682682802518,2.674517860640615,2.3769201286930626,2.312809812455856,4.275354374355941,2.4678548381070127,3.6580247341443455,2.890914242919592,3.033330387421611,3.695667266236921,0.5531526025998443
ND,North Dakota,Sioux,38085,3643,2.620722960540378,99.72936400541272,Very High,11,1.0,CSMOKING,STROKE,DIABETES,2.54440567534052,3.8332839534763097,1.77530510639493,4.578160248627144,3.305601594258835,-0.1047691751613836,4.8719734464962965,2.3528507781067387,3.5061338698800744,1.6960987872296525,0.4689082812950467
MS,Mississippi,Humphreys,28053,7216,2.603350351043934,99.69553450608932,Very High,11,1.0,STROKE,BPHIGH,DIABETES,3.2399017518336883,4.047870266964401,4.052847690809284,4.739970994067951,2.6590997408607646,-1.31881646232175,2.189993733160591,3.55885509579072,3.2912231960353187,1.0962282435274722,1.0796796107548288
AL,Alabama,Greene,1063,7341,2.584462670212301,99.6617050067659,Very High,11,1.0,STROKE,DIABETES,BPHIGH,3.3242043065601328,4.2624565804524925,4.052847690809284,4.578160248627144,2.400498999501536,-0.5961692675834366,2.1052996369499897,2.77959076744107,3.2912231960353187,1.4461527273537438,0.7848244861880374
TN,Tennessee,Hancock,47067,6956,2.545186129519943,99.62787550744248,Very High,11,1.0,COPD,CSMOKING,MHLTH,1.0480353289461268,1.9020071320834864,1.8397638587840168,2.474620557896662,4.598605301054976,3.1905020328453264,3.827412926565548,1.7591255755546245,2.689473309270003,3.545699630311376,1.1218017714072273
LA,Louisiana,Claiborne,22027,13670,2.5074514743486747,99.59404600811908,Very High,11,1.0,STROKE,DIABETES,BPHIGH,2.37580056588763,3.275359538407272,3.236370160547536,3.769106521423112,2.9823506675598,0.6178780195769298,2.895777868248935,2.6868212045423023,3.140785724343989,2.1959909069814696,0.4057250403164484
AL,Alabama,Perry,1105,7738,2.4940697748020666,99.56021650879568,Very High,11,1.0,STROKE,DIABETES,BPHIGH,3.4506581386498,4.004953004266782,3.9454164368274753,4.092728012304725,2.400498999501536,-0.1914868385299814,1.9641428099323213,2.46417425358526,3.162276791728465,1.546131151304107,0.5952747632522429
TX,Texas,Dimmit,48127,8257,2.483934291427307,99.52638700947226,Very High,11,1.0,ACCESS2,GHLTH,DIABETES,2.1228929017082967,4.434125631242965,1.3670663412640556,2.474620557896662,1.0428451073655882,-0.7406987065310993,1.0042763862121733,4.059810735444065,4.559196171719377,0.696314547726018,6.302827531652274
WV,West Virginia,Mingo,54059,22023,2.449209241583722,99.49255751014886,Very High,11,1.0,MHLTH,COPD,DEPRESSION,1.132337883672571,1.9878416574787232,1.9901676143585485,1.8273775761334368,3.8874532623170985,3.4506550229511186,3.2910169838984067,2.6868212045423023,2.539035837578673,3.995602538088012,0.1529920764020561
MS,Mississippi,Holmes,28051,15777,2.43043039082877,99.45872801082544,Very High,11,1.0,STROKE,DIABETES,BPHIGH,2.9237671716095206,4.219539317754874,4.203251446383818,4.739970994067951,2.206548443482116,-1.66568711579614,2.0206055407393886,3.224884669355155,3.033330387421611,0.8962713956267442,0.9322520484714332
TX,Texas,Zavala,48507,9312,2.3505609519995443,99.42489851150202,Very High,11,1.0,ACCESS2,GHLTH,DIABETES,2.2282710951163525,4.391208368545346,1.2596350872822464,2.1509990670150487,0.5902938099869393,-0.856322257689229,0.6655000013697687,3.929933347385792,4.494722969565951,0.4463684878501093,6.555560495566665
MS,Mississippi,Tunica,28143,9234,2.337898689025859,99.39106901217862,Very High,11,1.0,STROKE,BPHIGH,DIABETES,2.7762377008382417,3.747449428081072,3.795012681252944,4.254538757745532,2.2711986288219226,-1.5500635646380103,2.0488369061429226,3.299100319674169,3.0118393200371365,1.0462390315522896,1.0164963697762304
MS,Mississippi,Sharkey,28125,3336,2.2997143957382646,99.35723951285522,Very High,11,1.0,STROKE,BPHIGH,DIABETES,2.713010784793409,3.6186976399882185,3.795012681252944,4.254538757745532,2.2711986288219226,-1.5211576768484776,2.0206055407393886,3.2063307567754014,2.925875050499233,0.996249819577109,1.0164963697762304
MS,Mississippi,Quitman,28119,5546,2.293205270468889,99.3234100135318,Very High,11,1.0,STROKE,BPHIGH,DIABETES,2.839464616883076,3.5757803772906,3.666095176474773,4.254538757745532,2.335848814161729,-1.4344400134798798,2.077068271546456,3.1135611938766337,2.839910780961332,1.0462390315522896,0.9111909681452336
LA,Louisiana,Tensas,22107,3764,2.26629772493077,99.28958051420838,Very High,11,1.0,STROKE,BPHIGH,DIABETES,2.4390274819324644,2.974938699523944,2.9785351509911933,3.445485030541501,2.400498999501536,0.8780310096827233,2.302919194774726,2.371404690686491,2.689473309270003,2.2959693309318325,0.1529920764020561
AL,Alabama,Wilcox,1131,9944,2.2213081457511565,99.25575101488498,Very High,11,1.0,BPHIGH,STROKE,DIABETES,3.008069726335965,3.404111326500127,3.623122674882048,3.6072957759823066,2.1418982581423087,-0.393828053056709,1.8229859829146524,2.241527302628217,2.861401848345807,1.3961635153785614,0.7216412452094391
AR,Arkansas,Desha,5041,10479,2.196237413656435,99.22192151556158,Very High,11,1.0,LPA,STROKE,GHLTH,1.8910608762105736,2.545766072547761,2.828131395416661,3.121863539659888,2.400498999501536,0.1264779271548768,1.87944871372172,3.2063307567754014,3.033330387421611,2.0460232710559243,1.0796796107548288
SD,South Dakota,Mellette,46095,1851,2.1672736261507906,99.18809201623816,Very High,11,1.0,CSMOKING,STROKE,COPD,1.8067583214841287,3.0607732249191804,1.1307175825040752,3.769106521423112,3.2409514089190283,-0.1336750629509155,4.307346138425622,1.94466470135216,2.345616231118393,1.64610957525447,0.7216412452094391
AL,Alabama,Lowndes,1085,9717,2.152553879780417,99.15426251691474,Very High,11,1.0,STROKE,BPHIGH,DIABETES,2.881615894246298,3.5328631145929807,3.623122674882048,3.769106521423112,1.8832975167830803,-0.5961692675834366,1.6535977904934496,2.2786351277877235,2.8184197135768554,1.196206667477835,0.6373969239046415
LA,Louisiana,Bienville,22013,12366,2.145516107223351,99.12043301759134,Very High,11,1.0,STROKE,DIABETES,BPHIGH,2.1018172630266854,2.717435123338234,2.5917826366566805,2.9600527942190804,2.465149184841344,1.3405252143152433,2.302919194774726,2.408512515845999,2.453071568040772,2.2959693309318325,-0.0365576465337383
MS,Mississippi,Jefferson,28063,6941,2.115142628991232,99.08660351826794,Very High,11,1.0,STROKE,BPHIGH,DIABETES,2.965918448972744,3.7045321653834544,4.009875189216562,4.092728012304725,1.6893469607636586,-1.9547459936914653,1.6253664250899165,3.020791630977866,2.689473309270003,0.5963361237756548,0.826946646840436
TX,Texas,Starr,48427,65934,2.114656143321268,99.05277401894452,Very High,11,1.0,ACCESS2,GHLTH,DIABETES,1.7224557667576834,4.004953004266782,0.851396322151372,1.8273775761334368,0.2023926979480966,-0.8852281454787619,0.3549549819308981,3.81860987190727,4.322794430490146,0.2964008519245638,6.745110218502461
SD,South Dakota,Buffalo,46017,1884,2.1108329537959154,99.01894451962112,Very High,11,1.0,CSMOKING,STROKE,DIABETES,2.3968762045692413,3.2324422757096527,0.9373413253368188,3.6072957759823066,2.2711986288219226,-0.5961692675834366,4.44850296544329,1.9632186139319137,2.4960537028097214,1.846066423155198,0.6163358435784422
AR,Arkansas,Phillips,5107,14961,2.0748343587703983,98.9851150202977,Very High,11,1.0,BPHIGH,STROKE,GHLTH,2.312573649842797,2.588683335245378,3.322315163732983,3.121863539659888,1.947947702122887,-0.0180515117927858,1.5406723288793152,2.761036854861316,2.796928646192381,1.8960556351303783,0.5531526025998443
SD,South Dakota,Corson,46031,3782,2.0585351393193494,98.95128552097428,Very High,11,1.0,CSMOKING,STROKE,DIABETES,1.4063211865335157,3.0607732249191804,0.958827576133181,3.6072957759823066,2.8530502968801863,0.0686661515758119,4.081495215197352,1.870449051033146,2.4745626354252472,1.64610957525447,0.6163358435784422
GA,Georgia,Randolph,13243,6078,2.040564182634078,98.91745602165088,Very High,11,1.0,STROKE,DIABETES,BPHIGH,1.869985237528962,3.318276801104889,2.656241389045765,3.6072957759823066,2.1418982581423087,-0.7406987065310993,1.766523252107585,2.315742952947231,2.4745626354252472,1.7460879992048348,1.2902904140168223
TX,Texas,Jim Hogg,48247,4720,2.038627422836804,98.88362652232748,Very High,11,1.0,ACCESS2,GHLTH,DIABETES,1.7013801280760734,3.876201216173927,0.9803138269295432,1.8273775761334368,0.460993439307325,-1.0297575844264246,0.5243431743521,3.633070746109734,4.06490162187644,0.1464332159990183,6.239644290673675
TX,Texas,Zapata,48505,13736,2.037754334107726,98.84979702300406,Very High,11,1.0,ACCESS2,GHLTH,DIABETES,1.4484724638967388,3.8332839534763097,0.8299100713550097,1.8273775761334368,0.3316930686277108,-1.0008516966368917,0.4114177127379654,3.725840309008502,4.150865891414342,0.1964224279742007,6.660865897197662
SD,South Dakota,Ziebach,46137,2322,2.0305099956669737,98.81596752368064,Very High,11,1.0,CSMOKING,STROKE,DIABETES,2.1018172630266854,2.974938699523944,1.1736900840967994,3.445485030541501,2.465149184841344,-0.2782045018985782,4.081495215197352,2.0188803516711737,2.324125163733917,1.496141939328926,0.5320915222736446
WV,West Virginia,Calhoun,54013,5959,2.025206965036076,98.78213802435724,Very High,11,1.0,MHLTH,COPD,CSMOKING,0.5843712779506803,1.687420818595395,1.667873852413121,1.5037560852518244,3.3702517795986418,2.814725491581402,3.008703329863069,2.00032643909142,2.1307055572736378,3.545699630311376,-0.0365576465337383
MS,Mississippi,Coahoma,28027,20077,1.9930120330070376,98.74830852503383,Very High,11,1.0,STROKE,BPHIGH,DIABETES,1.9964390696186287,3.5757803772906,3.6875814272711342,3.93091726686392,1.8186473314432727,-1.6367812280066083,1.5971350596863825,2.798144680020824,2.582017972347625,0.7463037597012004,0.826946646840436
MS,Mississippi,Yazoo,28163,25796,1.9897922877297205,98.71447902571042,Very High,11,1.0,STROKE,BPHIGH,DIABETES,2.649783868748576,2.8891041741287062,3.236370160547536,3.2836742851006937,2.077248072802501,-1.5500635646380103,1.9923741753358544,2.83525250518033,2.582017972347625,0.4963576998252917,1.3955958156478194
AR,Arkansas,Lee,5077,8201,1.9710272090054968,98.680649526387,Very High,11,1.0,STROKE,BPHIGH,GHLTH,1.975363430937018,2.545766072547761,3.06448015417664,3.121863539659888,2.077248072802501,-0.6250751553729695,1.907680079125254,2.6311594668030422,2.775437578807905,1.2961850914281985,0.9111909681452336
MS,Mississippi,Claiborne,28021,8617,1.957137410243672,98.6468200270636,Very High,11,1.0,STROKE,BPHIGH,DIABETES,2.713010784793409,3.6186976399882185,3.8379851828456655,3.93091726686392,1.4307462194044305,-1.810216554743803,1.343052771054579,2.798144680020824,2.4745626354252472,0.5963361237756548,0.5952747632522429
NM,New Mexico,McKinley,35031,68797,1.9478899203515017,98.61299052774018,Very High,11,1.0,STROKE,GHLTH,CSMOKING,0.7951276647667921,2.8891041741287062,0.7009925665768385,3.93091726686392,2.465149184841344,0.2710073661025395,3.0369346952666034,0.8870916843062072,3.140785724343989,2.545915390807741,0.7637634058618381
LA,Louisiana,Concordia,22029,17688,1.9291363550564016,98.57916102841678,Very High,11,1.0,STROKE,BPHIGH,DIABETES,1.7435314054392947,2.4170142844549063,2.5917826366566805,2.636431303337469,2.2711986288219226,1.2538075509466453,2.0488369061429226,1.981772526511668,2.21666982681154,2.0960124830311067,-0.0365576465337383
MS,Mississippi,Issaquena,28055,1256,1.92222063941584,98.54533152909336,Very High,11,1.0,STROKE,BPHIGH,DIABETES,2.038590346981851,2.846186911431089,3.3008289129366206,3.445485030541501,1.947947702122887,-2.0125577692705305,2.161762367757057,2.798144680020824,2.667982241885527,0.1964224279742007,1.7536341811932086
LA,Louisiana,Morehouse,22067,23955,1.9138600262020653,98.51150202976996,Very High,11,1.0,BPHIGH,STROKE,DIABETES,1.532775018623183,2.4170142844549063,3.000021401787555,2.798242048778275,2.1418982581423087,1.051466336419918,2.0206055407393886,1.870449051033146,2.3026340963494416,1.9960340590807435,-0.0786798071861369
TN,Tennessee,Scott,47151,22171,1.9126069840206936,98.47767253044654,Very High,11,1.0,COPD,CSMOKING,MHLTH,1.1534135223541826,1.215330928921594,1.3455800904676936,1.5037560852518244,3.2409514089190283,2.785819603791871,2.924009233652468,1.2952777610607853,1.8728127486599304,2.8958398746340133,0.8058855665142367
TN,Tennessee,Haywood,47075,17328,1.87766934057442,98.44384303112314,Very High,11,1.0,BPHIGH,DIABETES,STROKE,1.8910608762105736,2.288262496362051,2.4198926302857853,2.1509990670150487,1.7539971461034656,1.1959957753675805,1.9923741753358544,1.796233400714132,2.066232355120211,2.1460016950062872,0.9533131287976322
WV,West Virginia,Logan,54045,30827,1.8745601641193343,98.41001353179972,Very High,11,1.0,DEPRESSION,MHLTH,COPD,1.4906237412599617,1.3011654543168305,1.603415100024036,0.8565131034885985,2.5944495555209577,3.5084667985301845,2.33115056017826,1.870449051033146,1.894303816044406,3.39573199438583,-0.2261073694695327
GA,Georgia,Macon,13193,11817,1.8687683483082689,98.37618403247632,Very High,11,1.0,STROKE,DIABETES,BPHIGH,1.3220186318070717,3.1466077503144168,2.656241389045765,3.445485030541501,1.8186473314432727,-1.6078753402170751,1.935911444528787,2.4456203410055064,2.5175447701941973,0.996249819577109,1.8800006631504047
WV,West Virginia,Wyoming,54109,20277,1.840488679015713,98.34235453315291,Very High,11,1.0,MHLTH,DEPRESSION,COPD,1.3641699091702943,1.3440827170144491,1.8397638587840168,0.8565131034885985,2.6590997408607646,2.785819603791871,2.500538752599462,1.926110788772406,1.894303816044406,3.1957751464851043,-0.1208019678385359
AR,Arkansas,Lafayette,5073,6095,1.8348991750826,98.3085250338295,Very High,11,1.0,LPA,GHLTH,STROKE,1.8278339601657392,1.773255343990632,2.226516373118529,2.312809812455856,2.1418982581423087,0.560066243997865,1.766523252107585,2.482728166165013,2.4745626354252472,1.8960556351303783,0.7216412452094391
MS,Mississippi,Sunflower,28133,24468,1.826670221113139,98.27469553450608,Very High,11,1.0,STROKE,BPHIGH,DIABETES,2.37580056588763,3.0607732249191804,3.429746417714792,3.6072957759823066,1.624696775423852,-1.9836518814809985,1.5689036942828485,2.6868212045423023,2.4100894332718195,0.2964008519245638,1.0164963697762304
GA,Georgia,Telfair,13271,10920,1.8065262528108563,98.24086603518268,Very High,11,1.0,STROKE,DIABETES,ACCESS2,1.1112622449909595,2.7603523860358528,1.9901676143585485,2.798242048778275,2.077248072802501,-1.0586634722159576,1.8512173483181853,2.2229733900484634,2.453071568040772,1.196206667477835,2.469710912283987
AR,Arkansas,St. Francis,5123,22101,1.7915594439648337,98.20703653585927,Very High,11,1.0,BPHIGH,STROKE,LPA,2.1650441790715185,2.33117975905967,2.806645144620299,2.798242048778275,1.624696775423852,-0.5383574920043717,1.5689036942828485,2.6311594668030422,2.3885983658873444,1.1462174555026527,0.7848244861880374
WV,West Virginia,Lincoln,54043,19701,1.791153028323576,98.17320703653586,Very High,11,1.0,MHLTH,DEPRESSION,COPD,1.5960019346680174,1.3869999797120671,1.4530113444495023,1.018323848929405,2.723749926200571,2.988160818318597,2.472307387195929,1.2952777610607853,1.743866344353077,3.145785934509921,-0.1208019678385359
SD,South Dakota,Jackson,46071,2776,1.787931859928362,98.13937753721244,Very High,11,1.0,CSMOKING,STROKE,COPD,0.8794302194932365,2.545766072547761,0.9373413253368188,3.445485030541501,2.78840011154038,-0.3360162774776441,3.799181561162015,1.406601236539307,2.1307055572736378,1.496141939328926,0.5742136829260436
GA,Georgia,Hancock,13141,8676,1.7829974351820252,98.10554803788904,Very High,11,1.0,STROKE,DIABETES,BPHIGH,1.574926295986406,3.0607732249191804,2.828131395416661,3.445485030541501,1.560046590084045,-1.694593003585673,1.7947546175111184,1.981772526511668,2.3671072985028685,1.0462390315522896,1.6483287795622117
WV,West Virginia,Webster,54101,8045,1.7829971837195806,98.07171853856563,Very High,11,1.0,MHLTH,DEPRESSION,COPD,1.0480353289461268,1.258248191619212,1.431525093653142,1.018323848929405,2.723749926200571,2.901443154950001,2.4158446563888605,2.0188803516711737,1.700884209584126,3.1957751464851043,-0.0997408875123366
MO,Missouri,Pemiscot,29155,14613,1.7800614905351024,98.03788903924222,Very High,11,1.0,COPD,CSMOKING,LPA,1.532775018623183,1.6015862932001586,1.4100388428567798,2.1509990670150487,2.78840011154038,0.7913133463141254,2.528770118002996,2.501282078744767,2.1736876920425887,1.6960987872296525,0.4057250403164484
OK,Oklahoma,Adair,40001,19627,1.778420180951033,98.0040595399188,Very High,11,1.0,CSMOKING,LPA,STROKE,1.785682682802518,1.730338081293013,1.495983846042227,2.1509990670150487,2.1418982581423087,0.8491251218931903,2.7828524066348,2.3528507781067387,1.9157948834288816,1.846066423155198,0.5110304419474454
GA,Georgia,Atkinson,13003,8293,1.7756765374936363,97.9702300405954,Very High,11,1.0,ACCESS2,GHLTH,STROKE,1.3220186318070717,2.288262496362051,1.4744975952458648,2.312809812455856,2.012597887462694,-0.5383574920043717,1.6253664250899165,2.2971890403674773,2.4745626354252472,1.2461958794530177,3.017299000765171
MS,Mississippi,Leflore,28083,26378,1.768307676093361,97.93640054127198,Very High,11,1.0,STROKE,BPHIGH,DIABETES,1.3220186318070717,3.361194063802508,3.365287665325707,3.769106521423112,1.6893469607636586,-1.752404779164738,1.4842095980722478,2.6126055542232884,2.453071568040772,0.4463684878501093,0.7005801648832398
LA,Louisiana,Red River,22081,7356,1.7652448604405426,97.90257104194858,Very High,11,1.0,STROKE,BPHIGH,GHLTH,1.3220186318070717,2.1165934455715782,2.226516373118529,2.312809812455856,2.012597887462694,1.080372224209451,2.077068271546456,2.037434264250928,2.1307055572736378,2.0960124830311067,0.0055645141186602
MS,Mississippi,Noxubee,28103,9914,1.7506959779960949,97.86874154262516,Very High,11,1.0,STROKE,BPHIGH,DIABETES,1.869985237528962,2.932021436826325,3.0429939033802795,3.445485030541501,1.560046590084045,-1.5500635646380103,1.5689036942828485,2.5198359913245207,2.324125163733917,0.696314547726018,0.8480077271666353
NC,North Carolina,Robeson,37155,117365,1.7492685555577303,97.83491204330176,Very High,11,1.0,STROKE,DIABETES,OBESITY,2.207195456434741,2.245345233664432,2.0116538651549107,3.121863539659888,2.1418982581423087,-0.1914868385299814,1.907680079125254,1.462262974278567,2.1307055572736378,1.1462174555026527,1.058618530428629
WV,West Virginia,Roane,54087,13743,1.7478606950827411,97.80108254397834,Very High,11,1.0,MHLTH,DEPRESSION,COPD,0.7740520260851806,1.429917242409685,1.5389563476349513,1.018323848929405,2.723749926200571,2.843631379370935,2.33115056017826,1.8333412258736383,1.808339546506504,3.0458075105595586,-0.1208019678385359
LA,Louisiana,Webster,22119,35238,1.7449692898444764,97.76725304465494,Very High,11,1.0,STROKE,MHLTH,COPD,1.4906237412599617,1.9449243947811043,2.11908511913672,2.312809812455856,2.1418982581423087,1.398336989894308,1.9923741753358544,1.851895138453392,2.001759152966784,2.1460016950062872,-0.2050462891433334
SD,South Dakota,Dewey,46041,5208,1.7384873901168965,97.73342354533152,Very High,11,1.0,CSMOKING,STROKE,DIABETES,1.3220186318070717,2.932021436826325,1.044772579318628,3.121863539659888,2.077248072802501,-0.5961692675834366,3.77095019575848,1.8333412258736383,2.02325022035126,1.1462174555026527,0.4478472009688474
LA,Louisiana,Avoyelles,22009,38408,1.732703930048994,97.69959404600812,Very High,11,1.0,BPHIGH,MHLTH,COPD,1.174489161035794,1.730338081293013,2.269488874711253,2.1509990670150487,2.206548443482116,1.398336989894308,2.077068271546456,1.7776794881343785,2.02325022035126,2.245980118956652,0.0055645141186602
TX,Texas,Cochran,48079,2509,1.731948657793359,97.66576454668473,Very High,11,1.0,ACCESS2,GHLTH,LPA,1.0901866063093482,2.545766072547761,0.8084238205586476,1.8273775761334368,1.172145478045203,-0.2203927263195133,0.8631195591945047,2.594051641643534,3.0118393200371365,0.8462821836515635,4.512635703925326
WV,West Virginia,Clay,54015,7783,1.7256934556707095,97.6319350473613,Very High,11,1.0,MHLTH,DEPRESSION,COPD,0.8372789421300151,1.3011654543168305,1.4744975952458648,1.018323848929405,2.6590997408607646,2.814725491581402,2.387613290985328,1.7776794881343785,1.6793931421996502,3.1957751464851043,-0.1629241284909345
TX,Texas,Willacy,48489,20037,1.7141355965023144,97.59810554803788,Very High,11,1.0,ACCESS2,GHLTH,DIABETES,1.4273968252151272,3.361194063802508,0.7224788173732006,1.5037560852518244,0.0730923272684823,-1.347722350111283,0.2984922511238299,3.243438581934909,3.613589206802452,-0.153502055852071,6.11327780871648
TX,Texas,San Augustine,48405,7833,1.7089263492197342,97.56427604871448,Very High,11,1.0,COPD,STROKE,GHLTH,1.3220186318070717,1.730338081293013,1.3885525920604178,2.1509990670150487,2.206548443482116,0.7624074585245925,1.8512173483181853,1.6663560126558563,2.1307055572736378,2.0460232710559243,1.5430233779312148
SC,South Carolina,Dillon,45033,27698,1.6875381763307231,97.53044654939109,Very High,11,1.0,STROKE,DIABETES,COPD,1.6170775733496274,2.631600597942997,2.076112617543997,2.798242048778275,2.077248072802501,-0.1047691751613836,1.4559782326687136,1.406601236539307,2.044741287735735,1.3961635153785614,1.163923932059626
TN,Tennessee,Lauderdale,47097,24610,1.680667523384927,97.49661705006766,Very High,11,1.0,CSMOKING,MHLTH,OBESITY,2.017514708300241,1.687420818595395,1.8612501095803784,1.66556683069263,1.947947702122887,1.2827134387361785,2.077068271546456,1.2025081981620176,1.851321681275455,2.0460232710559243,0.8480077271666353
WV,West Virginia,Braxton,54007,12162,1.6753599097858125,97.46278755074424,Very High,11,1.0,MHLTH,COPD,CSMOKING,0.7740520260851806,1.3869999797120671,1.5604425984313115,1.018323848929405,2.723749926200571,2.4100430625279468,2.4158446563888605,1.5921403623368426,1.5934288726617485,3.095796722534741,-0.1418630481647352
MS,Mississippi,Bolivar,28011,28968,1.6744607708194996,97.42895805142084,Very High,11,1.0,BPHIGH,STROKE,DIABETES,1.9332121535737952,2.8891041741287062,3.214883909751173,3.121863539659888,1.560046590084045,-1.31881646232175,1.1454332132298422,2.6497133793827947,2.195178759427064,0.4963576998252917,0.5320915222736446
AL,Alabama,Conecuh,1035,11174,1.6582885430700147,97.39512855209745,Very High,11,1.0,BPHIGH,STROKE,DIABETES,1.9332121535737952,2.4170142844549063,2.7851588938239367,2.474620557896662,1.7539971461034656,0.0108543759967471,1.4559782326687136,1.7776794881343785,2.1307055572736378,1.0962282435274722,0.4057250403164484
LA,Louisiana,Franklin,22041,19285,1.652494529022904,97.36129905277402,Very High,11,1.0,COPD,STROKE,MHLTH,0.9637327742196824,1.687420818595395,1.968681363562188,2.1509990670150487,2.206548443482116,1.542866428841971,1.9923741753358544,1.6663560126558563,2.02325022035126,2.0960124830311067,-0.1208019678385359
GA,Georgia,Stewart,13259,4674,1.6501461608342785,97.3274695534506,Very High,11,1.0,ACCESS2,STROKE,DIABETES,0.9215814968564594,3.103690487616798,2.205030122322167,3.121863539659888,1.4307462194044305,-1.9836518814809985,1.3995155018616463,2.260081215207971,2.4315805006562954,0.0964440040238376,3.1647265630485664
AL,Alabama,Dallas,1047,36165,1.643727217728466,97.2936400541272,Very High,11,1.0,BPHIGH,STROKE,DIABETES,1.869985237528962,2.974938699523944,3.365287665325707,3.121863539659888,1.366096034064623,-0.7696045943206322,1.0607391170192415,1.6849099252356103,2.2811430289649666,0.8462821836515635,0.2793585583592523
SD,South Dakota,Bennett,46007,3305,1.643449265419472,97.2598105548038,Very High,11,1.0,CSMOKING,STROKE,DIABETES,1.1534135223541826,2.631600597942997,0.7009925665768385,2.9600527942190804,2.2711986288219226,-0.3649221652671761,3.5733306379337444,1.4437090616988133,1.980268085582308,1.196206667477835,0.5320915222736446
GA,Georgia,Terrell,13273,8718,1.6372949766615987,97.22598105548036,Very High,11,1.0,STROKE,DIABETES,BPHIGH,1.3641699091702943,2.631600597942997,2.205030122322167,2.798242048778275,1.560046590084045,-1.0586634722159576,1.5689036942828485,2.0188803516711737,2.109214489889162,1.3961635153785614,1.4166568959740182
AR,Arkansas,Chicot,5017,9538,1.6365053392041835,97.19215155615696,Very High,11,1.0,BPHIGH,STROKE,LPA,2.0596659856634623,2.1165934455715782,2.69921389063849,2.474620557896662,1.366096034064623,-0.393828053056709,1.173664578633376,2.371404690686491,2.324125163733917,1.0462390315522896,0.7637634058618381
AK,Alaska,Bethel,2050,18224,1.632745819680868,97.15832205683355,Very High,11,1.0,CSMOKING,STROKE,GHLTH,0.3736148911345686,1.5157517678049215,1.3240938396713329,3.445485030541501,2.206548443482116,-1.0875693600054894,4.194420676811486,1.3694934113797994,2.582017972347625,1.1462174555026527,0.8901298878190342
MS,Mississippi,Washington,28151,41946,1.6223027529102736,97.12449255751014,Very High,11,1.0,STROKE,BPHIGH,DIABETES,1.385245547851906,2.7603523860358528,3.4082601669184296,3.445485030541501,1.560046590084045,-1.839122442533336,1.3712841364581123,2.2971890403674773,2.25965196158049,0.4963576998252917,0.7005801648832398
GA,Georgia,Treutlen,13283,6341,1.6212059906926286,97.09066305818676,Very High,11,1.0,STROKE,COPD,DIABETES,0.8372789421300151,2.1165934455715782,1.603415100024036,2.474620557896662,2.2711986288219226,-0.4516398286357739,1.9641428099323213,1.8333412258736383,2.066232355120211,1.5961203632792893,1.5219622976050151
LA,Louisiana,St. Helena,22091,10774,1.6153767597302406,97.05683355886332,Very High,11,1.0,STROKE,BPHIGH,DIABETES,1.1112622449909595,2.159510708269196,2.183543871525806,2.474620557896662,1.560046590084045,0.8491251218931903,1.710060521300517,1.907556876192652,2.109214489889162,1.846066423155198,-0.1418630481647352
SC,South Carolina,Marlboro,45069,25704,1.609773090693586,97.02300405953991,Very High,11,1.0,STROKE,DIABETES,BPHIGH,0.6897494713587362,2.674517860640615,2.3984063794894244,2.798242048778275,1.7539971461034656,-0.4516398286357739,1.4277468672651794,1.907556876192652,2.109214489889162,1.0462390315522896,1.3534736549954207
SC,South Carolina,Marion,45067,28508,1.5970588309003817,96.98917456021653,Very High,11,1.0,DIABETES,STROKE,BPHIGH,1.5960019346680174,2.80326964873347,2.11908511913672,2.798242048778275,1.6893469607636586,-0.3649221652671761,1.2301273094404437,1.462262974278567,1.937285950813357,1.196206667477835,1.1007406910810276
OK,Oklahoma,Okfuskee,40107,11300,1.585771280266152,96.9553450608931,Very High,11,1.0,CSMOKING,COPD,STROKE,1.680304489394462,1.5157517678049215,1.7108463540058452,1.9891883215742432,2.206548443482116,0.7335015707350605,2.387613290985328,1.926110788772406,1.5074646031238454,1.2961850914281985,0.489969361621246
TN,Tennessee,Bledsoe,47007,15060,1.582566529387914,96.92151556156968,Very High,11,1.0,COPD,CSMOKING,MHLTH,0.7740520260851806,1.1294964035263575,1.2381488364858844,1.3419453398110173,2.5944495555209577,1.803019418947764,2.585232848810063,1.0355229849442358,1.743866344353077,2.1460016950062872,1.0164963697762304
MS,Mississippi,Wilkinson,28157,8058,1.5781266404364591,96.88768606224627,Very High,11,1.0,BPHIGH,STROKE,DIABETES,2.1228929017082967,2.7603523860358528,3.2793426621402584,3.121863539659888,1.2367956633850097,-1.8969342181124007,1.3712841364581123,2.46417425358526,2.044741287735735,0.1964224279742007,0.6584580042308412
MO,Missouri,Mississippi,29133,11822,1.5769667033864307,96.85385656292289,Very High,11,1.0,LPA,COPD,CSMOKING,2.1228929017082967,1.258248191619212,1.3885525920604178,1.66556683069263,2.2711986288219226,0.560066243997865,2.2182250985641243,2.371404690686491,1.8728127486599304,1.2961850914281985,0.3214807190116509
LA,Louisiana,Evangeline,22039,31754,1.562567759445122,96.82002706359944,Very High,11,1.0,COPD,BPHIGH,STROKE,1.532775018623183,1.6445035558977767,1.8612501095803784,1.8273775761334368,1.8832975167830803,1.398336989894308,1.738291886704051,1.629248187496349,1.808339546506504,1.7960772111800156,0.0687477550972585
AL,Alabama,Sumter,1119,11727,1.5620582783208052,96.78619756427604,Very High,11,1.0,BPHIGH,DIABETES,STROKE,2.6076325913853533,3.017855962221561,3.3438014145293447,2.9600527942190804,0.9781949220257814,-0.6250751553729695,0.6937313667733028,1.6106942749165964,1.8728127486599304,0.696314547726018,0.0266255944448599
SC,South Carolina,Allendale,45005,7369,1.5555020226397729,96.75236806495263,Very High,11,1.0,STROKE,DIABETES,BPHIGH,1.9542877922554065,2.8891041741287062,2.4198926302857853,3.121863539659888,1.172145478045203,-1.0586634722159576,0.9760450208086402,1.7776794881343785,1.937285950813357,0.5463469118004725,1.3745347353216195
GA,Georgia,Taylor,13269,7758,1.5542528157866604,96.71853856562925,Very High,11,1.0,STROKE,DIABETES,COPD,1.0269596902645153,2.0736761828739594,1.77530510639493,2.474620557896662,2.012597887462694,-0.4805457164253068,1.710060521300517,1.6663560126558563,1.980268085582308,1.546131151304107,1.3113514943430211
WV,West Virginia,Summers,54089,11581,1.5511855078345678,96.6847090663058,Very High,11,1.0,MHLTH,DEPRESSION,COPD,0.457917445861013,1.3440827170144491,1.3240938396713329,0.8565131034885985,2.335848814161729,2.6412901648442086,1.9923741753358544,1.6478021000761027,1.5934288726617485,3.095796722534741,-0.2261073694695327
LA,Louisiana,St. Landry,22097,81464,1.5349559768146803,96.6508795669824,Very High,11,1.0,STROKE,BPHIGH,GHLTH,0.6054469166322919,1.9449243947811043,2.11908511913672,2.312809812455856,1.7539971461034656,0.96474867305132,1.710060521300517,1.5179247120178283,2.109214489889162,1.9460448471055607,-0.0997408875123366
TN,Tennessee,Pickett,47137,5128,1.527852001562796,96.617050067659,Very High,11,1.0,COPD,DEPRESSION,MHLTH,0.900505858174848,0.9149100900382664,1.0018000777259053,1.018323848929405,2.6590997408607646,2.5834783892651427,2.359381925581793,0.8499838591467002,1.4644824683548945,2.395947754882196,0.6584580042308412
MT,Montana,Glacier,30035,13609,1.5265176780177063,96.5832205683356,Very High,11,1.0,CSMOKING,STROKE,MHLTH,0.4789930845426245,1.429917242409685,0.2712675506496018,2.798242048778275,2.012597887462694,0.560066243997865,2.9804719644595354,0.9241995094657142,2.1736876920425887,2.545915390807741,0.6163358435784422
MS,Mississippi,Tallahatchie,28135,11837,1.5112409307123746,96.54939106901216,Very High,11,1.0,BPHIGH,STROKE,DIABETES,1.574926295986406,2.5028488098501422,3.1074526557693645,2.798242048778275,1.4307462194044305,-1.5211576768484776,1.3712841364581123,2.371404690686491,1.980268085582308,0.0964440040238376,0.9111909681452336
GA,Georgia,Jenkins,13165,8627,1.510318095867983,96.51556156968876,Very High,11,1.0,STROKE,DIABETES,BPHIGH,1.0480353289461268,2.202427970966814,1.968681363562188,2.474620557896662,1.7539971461034656,-0.9430399210578267,1.6818291558969838,1.7776794881343785,1.894303816044406,1.2961850914281985,1.4587790566264176
TX,Texas,Hudspeth,48229,3451,1.4998253871866751,96.48173207036535,Very High,11,1.0,ACCESS2,GHLTH,DIABETES,0.7319007487219592,2.674517860640615,0.8943688237440962,1.5037560852518244,0.5902938099869393,-1.2320987989531522,0.6655000013697687,2.4270664284257526,3.033330387421611,-0.1035128438768903,5.312956756320903
LA,Louisiana,Catahoula,22025,8414,1.4968296015279172,96.44790257104194,Very High,11,1.0,STROKE,GHLTH,COPD,0.8372789421300151,1.6445035558977767,1.8397638587840168,1.9891883215742432,1.8832975167830803,1.051466336419918,1.8229859829146524,1.6106942749165964,1.9157948834288816,1.6960987872296525,0.1740531567282554
TN,Tennessee,Decatur,47039,11656,1.4877843028484887,96.41407307171856,Very High,11,1.0,DEPRESSION,COPD,CSMOKING,1.0901866063093482,1.0007446154335025,1.0877450809113525,1.018323848929405,2.400498999501536,2.43894895031748,2.2464564639676587,0.7572142962479324,1.4000092662014676,2.245980118956652,0.6795190845570405
AR,Arkansas,Ashley,5003,18262,1.4781977673719886,96.38024357239512,Very High,11,1.0,LPA,BPHIGH,GHLTH,1.5960019346680174,1.3011654543168305,1.8397638587840168,1.5037560852518244,1.624696775423852,0.96474867305132,1.2301273094404437,2.2971890403674773,1.829830613890979,1.64610957525447,0.4267861206426477
TX,Texas,Newton,48351,12039,1.4766851151852045,96.34641407307171,Very High,11,1.0,MHLTH,COPD,CSMOKING,1.0480353289461268,1.258248191619212,1.044772579318628,1.8273775761334368,2.012597887462694,0.7913133463141254,1.8512173483181853,1.406601236539307,1.7223752769686012,2.0960124830311067,1.1849850123858257
AL,Alabama,Barbour,1005,24585,1.4761053695576911,96.31258457374832,Very High,11,1.0,BPHIGH,STROKE,DIABETES,1.9964390696186287,2.288262496362051,2.5488101350639565,2.312809812455856,1.4953964047442383,-0.3360162774776441,1.2583586748439777,1.3880473239595532,1.980268085582308,0.6463253357508355,0.6584580042308412
MO,Missouri,Dunklin,29069,27032,1.4731422413774609,96.2787550744249,Very High,11,1.0,LPA,COPD,CSMOKING,1.8489095988473507,0.8290755646430292,1.1092313317077145,1.1801345943702115,2.1418982581423087,1.080372224209451,1.9923741753358544,2.5198359913245207,1.5719378052772723,1.546131151304107,0.3846639599902491
OK,Oklahoma,Coal,40029,5266,1.4730977384268051,96.24492557510148,Very High,11,1.0,CSMOKING,COPD,LPA,1.1112622449909595,1.1724136662239757,1.2811213380786086,1.66556683069263,2.077248072802501,1.427242877683841,2.189993733160591,1.926110788772406,1.3355360640480407,1.6960987872296525,0.3214807190116509
WV,West Virginia,Barbour,54001,15378,1.472721968244319,96.21109607577807,Very High,11,1.0,MHLTH,DEPRESSION,COPD,1.30094299312546,1.1294964035263575,1.6249013508203982,0.5328916126069863,1.947947702122887,2.7280078282128053,1.738291886704051,1.4251551491190608,1.2710628618946145,2.8958398746340133,-0.3945960120791275
WV,West Virginia,Ritchie,54085,8167,1.464245437238073,96.17726657645468,Very High,11,1.0,MHLTH,DEPRESSION,COPD,1.0058840515829035,0.9149100900382664,1.1951763348931614,0.6947023580477928,2.206548443482116,2.525666613686077,2.077068271546456,1.5735864497570888,1.3355360640480407,2.845850662658832,-0.2682295301219314
GA,Georgia,Baker,13007,2743,1.4532808344870902,96.14343707713124,Very High,11,1.0,STROKE,DIABETES,BPHIGH,1.195564799717404,2.4599315471525234,1.904222611173101,2.636431303337469,1.4953964047442383,-0.856322257689229,1.314821405651045,1.6478021000761027,1.743866344353077,1.196206667477835,1.2481682533644238
TN,Tennessee,Grundy,47061,13955,1.4531139914688964,96.10960757780784,Very High,11,1.0,DEPRESSION,COPD,MHLTH,0.5843712779506803,0.8290755646430292,1.023286328522266,1.018323848929405,2.465149184841344,2.5545725014756098,2.359381925581793,0.7386603836681785,1.3570271314325166,2.395947754882196,0.6584580042308412
MS,Mississippi,Lawrence,28077,11741,1.4525211005188965,96.07577807848445,Very High,11,1.0,BPHIGH,LPA,STROKE,1.785682682802518,1.730338081293013,2.333947627100338,2.1509990670150487,1.7539971461034656,-0.6539810431625014,1.6253664250899165,2.2229733900484634,1.6579020748151745,0.796292971676381,0.5742136829260436
LA,Louisiana,Washington,22117,44865,1.451341860881551,96.04194857916104,Very High,11,1.0,BPHIGH,LPA,OBESITY,1.680304489394462,1.6015862932001586,1.8397638587840168,1.66556683069263,1.624696775423852,1.2249016631571137,1.6535977904934496,1.703463837815364,1.5719378052772723,1.64610957525447,-0.247168449795732
MS,Mississippi,Jefferson Davis,28065,10969,1.4501582099129544,96.0081190798376,Very High,11,1.0,BPHIGH,STROKE,DIABETES,1.7224557667576834,2.4170142844549063,2.9140763986021083,2.798242048778275,1.3014458487248166,-1.3766282379008148,1.314821405651045,2.185865564888956,1.7223752769686012,0.5463469118004725,0.4057250403164484
AR,Arkansas,Nevada,5099,8120,1.450018772400757,95.9742895805142,Very High,11,1.0,BPHIGH,LPA,STROKE,1.3641699091702943,1.3011654543168305,2.183543871525806,1.8273775761334368,1.560046590084045,0.5022544684188001,1.343052771054579,2.093096001990188,1.786848479122028,1.64610957525447,0.3425417993378505
AL,Alabama,Escambia,1053,36558,1.4480288047295424,95.9404600811908,Very High,11,1.0,BPHIGH,STROKE,GHLTH,1.3220186318070717,1.9020071320834864,2.248002623914891,2.1509990670150487,1.7539971461034656,0.2421014783130066,1.4842095980722478,1.313831673640539,1.980268085582308,1.1462174555026527,0.3846639599902491
TN,Tennessee,Cocke,47029,37404,1.4368709478367074,95.9066305818674,Very High,11,1.0,DEPRESSION,MHLTH,COPD,0.457917445861013,0.8719928273406474,1.0018000777259053,1.018323848929405,2.400498999501536,2.5545725014756098,2.2182250985641243,0.7572142962479324,1.3785181988169923,2.4459369668573783,0.7005801648832398
LA,Louisiana,Acadia,22001,56489,1.4366505624585133,95.87280108254396,Very High,11,1.0,DEPRESSION,MHLTH,COPD,0.8583545808116265,1.3440827170144491,1.5604425984313115,1.5037560852518244,1.8186473314432727,2.1209841846326216,1.6535977904934496,1.480816886858321,1.5504467378927964,2.0960124830311067,-0.1839852088171338
AR,Arkansas,Jackson,5067,16784,1.4358308255991237,95.83897158322056,Very High,11,1.0,LPA,COPD,GHLTH,1.3220186318070717,1.0865791408287389,1.6893601032094832,1.5037560852518244,1.8832975167830803,0.8202192341036574,1.4559782326687136,2.130203827149696,1.829830613890979,1.64610957525447,0.4267861206426477
WV,West Virginia,Raleigh,54081,72356,1.4310980153737645,95.80514208389717,Very High,11,1.0,MHLTH,DEPRESSION,COPD,1.1534135223541826,1.3011654543168305,1.6463876016167602,0.6947023580477928,1.8832975167830803,2.352231286948883,1.343052771054579,1.3880473239595532,1.5074646031238454,2.845850662658832,-0.3735349317529282
NC,North Carolina,Scotland,37165,34376,1.4273130638110796,95.77131258457376,Very High,11,1.0,STROKE,BPHIGH,DIABETES,1.6592288507128503,1.730338081293013,1.9471951127658256,2.474620557896662,1.6893469607636586,0.2710073661025395,1.5971350596863825,1.0540768975239896,1.6149199400462233,1.0462390315522896,0.6163358435784422
OK,Oklahoma,Seminole,40133,23565,1.423203234470562,95.73748308525036,Very High,11,1.0,CSMOKING,COPD,LPA,1.638153212031239,1.0865791408287389,1.4100388428567798,1.5037560852518244,1.8832975167830803,1.3405252143152433,1.9641428099323213,1.796233400714132,1.2280807271256629,1.546131151304107,0.258297478033053
LA,Louisiana,Richland,22083,19712,1.4189514637327454,95.70365358592692,Very High,11,1.0,BPHIGH,STROKE,MHLTH,1.1534135223541826,1.6445035558977767,1.8827363603767395,1.8273775761334368,1.624696775423852,1.2538075509466453,1.5689036942828485,1.4251551491190608,1.6579020748151745,1.7960772111800156,-0.2261073694695327
MS,Mississippi,Pike,28113,39394,1.4169358391514704,95.66982408660353,Very High,11,1.0,BPHIGH,STROKE,DIABETES,1.869985237528962,2.202427970966814,2.7851588938239367,2.474620557896662,1.366096034064623,-1.1742870233740874,1.314821405651045,1.981772526511668,1.6793931421996502,0.5963361237756548,0.489969361621246
LA,Louisiana,Caldwell,22021,9389,1.4104965100158768,95.63599458728012,Very High,11,1.0,CSMOKING,MHLTH,COPD,0.2471610590449013,1.3011654543168305,1.603415100024036,1.66556683069263,2.012597887462694,1.7452076433686994,2.0488369061429226,1.3509394988000456,1.6364110074306992,2.0460232710559243,-0.1418630481647352
ND,North Dakota,Rolette,38079,11728,1.4082219582901914,95.6021650879567,Very High,11,1.0,CSMOKING,OBESITY,STROKE,2.649783868748576,2.288262496362051,1.023286328522266,2.312809812455856,1.3014458487248166,-0.5383574920043717,2.7828524066348,1.3509394988000456,1.8728127486599304,0.5463469118004725,-0.0997408875123366
LA,Louisiana,St. Mary,22101,47055,1.4068350202238105,95.56833558863327,Very High,11,1.0,MHLTH,BPHIGH,STROKE,1.532775018623183,1.5157517678049215,1.7323326048022074,1.66556683069263,1.3014458487248166,1.3116193265257112,1.512440963475781,1.4437090616988133,1.6579020748151745,1.7960772111800156,0.0055645141186602
WV,West Virginia,Pocahontas,54075,7765,1.403711581331328,95.53450608930989,Very High,11,1.0,MHLTH,DEPRESSION,COPD,0.6265225553139033,1.0865791408287389,1.3455800904676936,0.6947023580477928,2.1418982581423087,2.352231286948883,1.935911444528787,1.3880473239595532,1.3785181988169923,2.695883026733287,-0.2050462891433334
WV,West Virginia,Boone,54005,20576,1.400325505747689,95.50067658998648,Very High,11,1.0,MHLTH,DEPRESSION,COPD,1.8067583214841287,0.8290755646430292,1.4744975952458648,0.3710808671661798,1.8186473314432727,2.5545725014756098,1.710060521300517,1.3880473239595532,1.1206253902032848,2.7458722387084693,-0.4156570924053272
TX,Texas,Brooks,48047,6848,1.399356969690824,95.46684709066304,Very High,11,1.0,ACCESS2,GHLTH,DIABETES,1.174489161035794,3.017855962221561,0.5505888110023065,1.018323848929405,-0.3148087847703597,-1.2610046867426852,-0.0685154991221079,2.77959076744107,3.2052589264974167,-0.2534804798024341,5.544628639909096
GA,Georgia,Turner,13287,8909,1.3987816955944488,95.43301759133963,Very High,11,1.0,STROKE,DIABETES,LPA,1.532775018623183,1.9020071320834864,1.6463876016167602,2.1509990670150487,1.560046590084045,-0.6828869309520343,1.343052771054579,1.703463837815364,1.6364110074306992,1.3461743034033806,1.2481682533644238
OK,Oklahoma,Sequoyah,40135,40291,1.3983659776122954,95.39918809201625,Very High,11,1.0,OBESITY,CSMOKING,COPD,1.9964390696186287,1.0865791408287389,1.3026075888749706,1.5037560852518244,1.7539971461034656,1.1381839997885157,1.9923741753358544,1.6106942749165964,1.1850985923567117,1.5961203632792893,0.216175317380654
MO,Missouri,Hickory,29085,8718,1.388446055514096,95.36535859269284,Very High,11,1.0,COPD,CSMOKING,LPA,1.1534135223541826,0.743241039247793,0.7654513189659249,1.3419453398110173,2.6590997408607646,1.2827134387361785,2.33115056017826,1.7591255755546245,1.4429914009704186,1.7460879992048348,0.0476866747710592
GA,Georgia,Ben Hill,13017,17128,1.3867978855154866,95.3315290933694,Very High,11,1.0,STROKE,DIABETES,BPHIGH,0.8162033034484035,2.0736761828739594,1.77530510639493,2.1509990670150487,1.560046590084045,-0.6828869309520343,1.512440963475781,1.7405716629748706,1.700884209584126,1.2961850914281985,1.3113514943430211
VA,Virginia,Hopewell,51670,22752,1.3832766017242124,95.297699594046,Very High,11,1.0,STROKE,DIABETES,OBESITY,1.7435314054392947,2.1165934455715782,1.6249013508203982,2.1509990670150487,1.366096034064623,0.0975720393653439,1.173664578633376,1.462262974278567,1.6364110074306992,1.3961635153785614,0.4478472009688474
TN,Tennessee,Hardeman,47069,25567,1.3808945370445649,95.2638700947226,Very High,11,1.0,BPHIGH,CSMOKING,DIABETES,1.30094299312546,1.687420818595395,1.925708861969464,1.5037560852518244,1.4307462194044305,0.6467839073664627,1.766523252107585,1.1097386352632497,1.5504467378927964,1.546131151304107,0.7216412452094391
TN,Tennessee,Clay,47027,7714,1.3719432751325764,95.2300405953992,Very High,11,1.0,DEPRESSION,MHLTH,COPD,0.4789930845426245,0.7861583019454111,1.023286328522266,0.8565131034885985,2.2711986288219226,2.525666613686077,2.189993733160591,0.7757682088276856,1.2925539292790895,2.2959693309318325,0.5952747632522429
TN,Tennessee,Johnson,47091,18375,1.3565477519394715,95.19621109607576,Very High,11,1.0,COPD,DEPRESSION,CSMOKING,0.4368418071794031,0.9578273527358844,1.1522038333004372,0.8565131034885985,2.2711986288219226,2.236607735790752,2.0488369061429226,0.7943221214074394,1.4000092662014676,2.0460232710559243,0.7216412452094391
OK,Oklahoma,Latimer,40077,9526,1.355868535423698,95.16238159675235,Very High,11,1.0,CSMOKING,COPD,LPA,1.1534135223541826,1.1294964035263575,1.2166625856895237,1.5037560852518244,1.8832975167830803,1.080372224209451,2.1052996369499897,1.6663560126558563,1.2925539292790895,1.64610957525447,0.2372363977068537
GA,Georgia,Calhoun,13037,5457,1.3547168183498028,95.12855209742897,Very High,11,1.0,STROKE,DIABETES,BPHIGH,1.2587917157622384,2.545766072547761,2.441378881082147,2.636431303337469,1.0428451073655882,-1.8969342181124007,1.343052771054579,1.703463837815364,1.829830613890979,0.4963576998252917,1.5009012172788163
TN,Tennessee,Fentress,47049,19696,1.352870280281347,95.09472259810556,Very High,11,1.0,DEPRESSION,MHLTH,COPD,1.4484724638967388,0.7003237765501749,0.8728825729477341,0.6947023580477928,2.206548443482116,2.4100430625279468,1.87944871372172,0.59022908303015,1.3140449966635654,2.2959693309318325,0.4689082812950467
AL,Alabama,Hale,1065,14888,1.348189105450338,95.06089309878216,Very High,11,1.0,BPHIGH,STROKE,DIABETES,2.1439685403899067,2.202427970966814,2.677727639842128,2.312809812455856,1.0428451073655882,-0.5094516042148387,0.8913509245980388,1.3694934113797994,1.765357411737552,0.696314547726018,0.2372363977068537
TN,Tennessee,Perry,47135,8891,1.3480621267779254,95.02706359945871,Very High,11,1.0,DEPRESSION,MHLTH,COPD,0.457917445861013,0.7861583019454111,0.9803138269295432,0.8565131034885985,2.206548443482116,2.265513623580284,2.161762367757057,0.8314299465669464,1.3570271314325166,2.245980118956652,0.6795190845570405
