stateabbr,statedesc,locationname,locationid,totalpopulation,indicator_count,indicator_completeness,health_burden_score,burden_percentile
SD,South Dakota,Oglala Lakota,46102,13434,11,1.0,3.591987579071729,100.0
SD,South Dakota,Todd,46121,9199,11,1.0,3.334740947028234,99.96617050067658
LA,Louisiana,East Carroll,22035,6829,11,1.0,3.16297839622122,99.93234100135318
TN,Tennessee,Lake,47095,6347,11,1.0,2.7473138278883984,99.89851150202978
AK,Alaska,Kusilvak,2158,8001,11,1.0,2.739373134949425,99.86468200270636
LA,Louisiana,Madison,22065,9246,11,1.0,2.72205562151747,99.83085250338294
AL,Alabama,Bullock,1011,9897,11,1.0,2.702222365794914,99.79702300405954
WV,West Virginia,McDowell,54047,17439,11,1.0,2.702202630034302,99.76319350473612
ND,North Dakota,Sioux,38085,3643,11,1.0,2.620722960540378,99.72936400541272
MS,Mississippi,Humphreys,28053,7216,11,1.0,2.603350351043934,99.69553450608932
AL,Alabama,Greene,1063,7341,11,1.0,2.584462670212301,99.6617050067659
TN,Tennessee,Hancock,47067,6956,11,1.0,2.545186129519943,99.62787550744248
LA,Louisiana,Claiborne,22027,13670,11,1.0,2.5074514743486747,99.59404600811908
AL,Alabama,Perry,1105,7738,11,1.0,2.4940697748020666,99.56021650879568
TX,Texas,Dimmit,48127,8257,11,1.0,2.483934291427307,99.52638700947226
WV,West Virginia,Mingo,54059,22023,11,1.0,2.449209241583722,99.49255751014886
MS,Mississippi,Holmes,28051,15777,11,1.0,2.43043039082877,99.45872801082544
TX,Texas,Zavala,48507,9312,11,1.0,2.3505609519995443,99.42489851150202
MS,Mississippi,Tunica,28143,9234,11,1.0,2.337898689025859,99.39106901217862
MS,Mississippi,Sharkey,28125,3336,11,1.0,2.2997143957382646,99.35723951285522
MS,Mississippi,Quitman,28119,5546,11,1.0,2.293205270468889,99.3234100135318
LA,Louisiana,Tensas,22107,3764,11,1.0,2.26629772493077,99.28958051420838
AL,Alabama,Wilcox,1131,9944,11,1.0,2.2213081457511565,99.25575101488498
AR,Arkansas,Desha,5041,10479,11,1.0,2.196237413656435,99.22192151556158
SD,South Dakota,Mellette,46095,1851,11,1.0,2.1672736261507906,99.18809201623816
AL,Alabama,Lowndes,1085,9717,11,1.0,2.152553879780417,99.15426251691474
LA,Louisiana,Bienville,22013,12366,11,1.0,2.145516107223351,99.12043301759134
MS,Mississippi,Jefferson,28063,6941,11,1.0,2.115142628991232,99.08660351826794
TX,Texas,Starr,48427,65934,11,1.0,2.114656143321268,99.05277401894452
SD,South Dakota,Buffalo,46017,1884,11,1.0,2.1108329537959154,99.01894451962112
AR,Arkansas,Phillips,5107,14961,11,1.0,2.0748343587703983,98.9851150202977
SD,South Dakota,Corson,46031,3782,11,1.0,2.0585351393193494,98.95128552097428
GA,Georgia,Randolph,13243,6078,11,1.0,2.040564182634078,98.91745602165088
TX,Texas,Jim Hogg,48247,4720,11,1.0,2.038627422836804,98.88362652232748
TX,Texas,Zapata,48505,13736,11,1.0,2.037754334107726,98.84979702300406
SD,South Dakota,Ziebach,46137,2322,11,1.0,2.0305099956669737,98.81596752368064
WV,West Virginia,Calhoun,54013,5959,11,1.0,2.025206965036076,98.78213802435724
MS,Mississippi,Coahoma,28027,20077,11,1.0,1.9930120330070376,98.74830852503383
MS,Mississippi,Yazoo,28163,25796,11,1.0,1.9897922877297205,98.71447902571042
AR,Arkansas,Lee,5077,8201,11,1.0,1.9710272090054968,98.680649526387
MS,Mississippi,Claiborne,28021,8617,11,1.0,1.9571374102436716,98.6468200270636
NM,New Mexico,McKinley,35031,68797,11,1.0,1.9478899203515017,98.61299052774018
LA,Louisiana,Concordia,22029,17688,11,1.0,1.9291363550564016,98.57916102841678
MS,Mississippi,Issaquena,28055,1256,11,1.0,1.92222063941584,98.54533152909336
LA,Louisiana,Morehouse,22067,23955,11,1.0,1.9138600262020655,98.51150202976996
TN,Tennessee,Scott,47151,22171,11,1.0,1.9126069840206936,98.47767253044654
TN,Tennessee,Haywood,47075,17328,11,1.0,1.87766934057442,98.44384303112314
WV,West Virginia,Logan,54045,30827,11,1.0,1.8745601641193343,98.41001353179972
GA,Georgia,Macon,13193,11817,11,1.0,1.8687683483082689,98.37618403247632
WV,West Virginia,Wyoming,54109,20277,11,1.0,1.840488679015713,98.34235453315291
AR,Arkansas,Lafayette,5073,6095,11,1.0,1.8348991750825996,98.3085250338295
MS,Mississippi,Sunflower,28133,24468,11,1.0,1.826670221113139,98.27469553450608
GA,Georgia,Telfair,13271,10920,11,1.0,1.8065262528108563,98.24086603518268
AR,Arkansas,St. Francis,5123,22101,11,1.0,1.7915594439648337,98.20703653585927
WV,West Virginia,Lincoln,54043,19701,11,1.0,1.791153028323576,98.17320703653586
SD,South Dakota,Jackson,46071,2776,11,1.0,1.787931859928362,98.13937753721244
GA,Georgia,Hancock,13141,8676,11,1.0,1.7829974351820252,98.10554803788904
WV,West Virginia,Webster,54101,8045,11,1.0,1.7829971837195806,98.07171853856563
MO,Missouri,Pemiscot,29155,14613,11,1.0,1.7800614905351024,98.03788903924222
OK,Oklahoma,Adair,40001,19627,11,1.0,1.778420180951033,98.0040595399188
GA,Georgia,Atkinson,13003,8293,11,1.0,1.7756765374936363,97.9702300405954
MS,Mississippi,Leflore,28083,26378,11,1.0,1.768307676093361,97.93640054127198
LA,Louisiana,Red River,22081,7356,11,1.0,1.7652448604405426,97.90257104194858
MS,Mississippi,Noxubee,28103,9914,11,1.0,1.7506959779960949,97.86874154262516
NC,North Carolina,Robeson,37155,117365,11,1.0,1.7492685555577303,97.83491204330176
WV,West Virginia,Roane,54087,13743,11,1.0,1.7478606950827411,97.80108254397834
LA,Louisiana,Webster,22119,35238,11,1.0,1.7449692898444764,97.76725304465494
SD,South Dakota,Dewey,46041,5208,11,1.0,1.7384873901168965,97.73342354533152
LA,Louisiana,Avoyelles,22009,38408,11,1.0,1.732703930048994,97.69959404600812
TX,Texas,Cochran,48079,2509,11,1.0,1.731948657793359,97.66576454668473
WV,West Virginia,Clay,54015,7783,11,1.0,1.7256934556707095,97.6319350473613
TX,Texas,Willacy,48489,20037,11,1.0,1.7141355965023144,97.59810554803788
TX,Texas,San Augustine,48405,7833,11,1.0,1.7089263492197342,97.56427604871448
SC,South Carolina,Dillon,45033,27698,11,1.0,1.6875381763307231,97.53044654939109
TN,Tennessee,Lauderdale,47097,24610,11,1.0,1.680667523384927,97.49661705006766
WV,West Virginia,Braxton,54007,12162,11,1.0,1.6753599097858125,97.46278755074424
MS,Mississippi,Bolivar,28011,28968,11,1.0,1.6744607708194996,97.42895805142084
AL,Alabama,Conecuh,1035,11174,11,1.0,1.6582885430700147,97.39512855209745
LA,Louisiana,Franklin,22041,19285,11,1.0,1.652494529022904,97.36129905277402
GA,Georgia,Stewart,13259,4674,11,1.0,1.6501461608342785,97.3274695534506
AL,Alabama,Dallas,1047,36165,11,1.0,1.643727217728466,97.2936400541272
SD,South Dakota,Bennett,46007,3305,11,1.0,1.643449265419472,97.2598105548038
GA,Georgia,Terrell,13273,8718,11,1.0,1.6372949766615987,97.22598105548036
AR,Arkansas,Chicot,5017,9538,11,1.0,1.6365053392041835,97.19215155615696
AK,Alaska,Bethel,2050,18224,11,1.0,1.632745819680868,97.15832205683355
MS,Mississippi,Washington,28151,41946,11,1.0,1.6223027529102736,97.12449255751014
GA,Georgia,Treutlen,13283,6341,11,1.0,1.6212059906926286,97.09066305818676
LA,Louisiana,St. Helena,22091,10774,11,1.0,1.6153767597302406,97.05683355886332
SC,South Carolina,Marlboro,45069,25704,11,1.0,1.609773090693586,97.02300405953991
SC,South Carolina,Marion,45067,28508,11,1.0,1.5970588309003817,96.98917456021653
OK,Oklahoma,Okfuskee,40107,11300,11,1.0,1.585771280266152,96.9553450608931
TN,Tennessee,Bledsoe,47007,15060,11,1.0,1.582566529387914,96.92151556156968
MS,Mississippi,Wilkinson,28157,8058,11,1.0,1.5781266404364591,96.88768606224627
MO,Missouri,Mississippi,29133,11822,11,1.0,1.5769667033864307,96.85385656292289
LA,Louisiana,Evangeline,22039,31754,11,1.0,1.562567759445122,96.82002706359944
AL,Alabama,Sumter,1119,11727,11,1.0,1.5620582783208052,96.78619756427604
SC,South Carolina,Allendale,45005,7369,11,1.0,1.5555020226397729,96.75236806495263
GA,Georgia,Taylor,13269,7758,11,1.0,1.5542528157866604,96.71853856562925
WV,West Virginia,Summers,54089,11581,11,1.0,1.5511855078345678,96.6847090663058
LA,Louisiana,St. Landry,22097,81464,11,1.0,1.5349559768146803,96.6508795669824
TN,Tennessee,Pickett,47137,5128,11,1.0,1.527852001562796,96.617050067659
MT,Montana,Glacier,30035,13609,11,1.0,1.5265176780177063,96.5832205683356
MS,Mississippi,Tallahatchie,28135,11837,11,1.0,1.5112409307123746,96.54939106901216
GA,Georgia,Jenkins,13165,8627,11,1.0,1.510318095867983,96.51556156968876
TX,Texas,Hudspeth,48229,3451,11,1.0,1.4998253871866751,96.48173207036535
LA,Louisiana,Catahoula,22025,8414,11,1.0,1.4968296015279172,96.44790257104194
TN,Tennessee,Decatur,47039,11656,11,1.0,1.4877843028484887,96.41407307171856
AR,Arkansas,Ashley,5003,18262,11,1.0,1.4781977673719886,96.38024357239512
TX,Texas,Newton,48351,12039,11,1.0,1.4766851151852045,96.34641407307171
AL,Alabama,Barbour,1005,24585,11,1.0,1.4761053695576911,96.31258457374832
MO,Missouri,Dunklin,29069,27032,11,1.0,1.4731422413774609,96.2787550744249
OK,Oklahoma,Coal,40029,5266,11,1.0,1.4730977384268051,96.24492557510148
WV,West Virginia,Barbour,54001,15378,11,1.0,1.472721968244319,96.21109607577807
WV,West Virginia,Ritchie,54085,8167,11,1.0,1.464245437238073,96.17726657645468
GA,Georgia,Baker,13007,2743,11,1.0,1.4532808344870902,96.14343707713124
TN,Tennessee,Grundy,47061,13955,11,1.0,1.4531139914688964,96.10960757780784
MS,Mississippi,Lawrence,28077,11741,11,1.0,1.4525211005188965,96.07577807848445
LA,Louisiana,Washington,22117,44865,11,1.0,1.451341860881551,96.04194857916104
MS,Mississippi,Jefferson Davis,28065,10969,11,1.0,1.4501582099129544,96.0081190798376
AR,Arkansas,Nevada,5099,8120,11,1.0,1.450018772400757,95.9742895805142
AL,Alabama,Escambia,1053,36558,11,1.0,1.4480288047295424,95.9404600811908
TN,Tennessee,Cocke,47029,37404,11,1.0,1.4368709478367074,95.9066305818674
LA,Louisiana,Acadia,22001,56489,11,1.0,1.4366505624585133,95.87280108254396
AR,Arkansas,Jackson,5067,16784,11,1.0,1.4358308255991237,95.83897158322056
WV,West Virginia,Raleigh,54081,72356,11,1.0,1.4310980153737645,95.80514208389717
NC,North Carolina,Scotland,37165,34376,11,1.0,1.4273130638110796,95.77131258457376
OK,Oklahoma,Seminole,40133,23565,11,1.0,1.423203234470562,95.73748308525036
LA,Louisiana,Richland,22083,19712,11,1.0,1.4189514637327454,95.70365358592692
MS,Mississippi,Pike,28113,39394,11,1.0,1.4169358391514704,95.66982408660353
LA,Louisiana,Caldwell,22021,9389,11,1.0,1.4104965100158768,95.63599458728012
ND,North Dakota,Rolette,38079,11728,11,1.0,1.4082219582901914,95.6021650879567
LA,Louisiana,St. Mary,22101,47055,11,1.0,1.4068350202238105,95.56833558863327
WV,West Virginia,Pocahontas,54075,7765,11,1.0,1.403711581331328,95.53450608930989
WV,West Virginia,Boone,54005,20576,11,1.0,1.400325505747689,95.50067658998648
TX,Texas,Brooks,48047,6848,11,1.0,1.399356969690824,95.46684709066304
GA,Georgia,Turner,13287,8909,11,1.0,1.3987816955944488,95.43301759133963
OK,Oklahoma,Sequoyah,40135,40291,11,1.0,1.3983659776122954,95.39918809201625
MO,Missouri,Hickory,29085,8718,11,1.0,1.388446055514096,95.36535859269284
GA,Georgia,Ben Hill,13017,17128,11,1.0,1.3867978855154866,95.3315290933694
VA,Virginia,Hopewell,51670,22752,11,1.0,1.3832766017242124,95.297699594046
TN,Tennessee,Hardeman,47069,25567,11,1.0,1.3808945370445649,95.2638700947226
TN,Tennessee,Clay,47027,7714,11,1.0,1.3719432751325764,95.2300405953992
TN,Tennessee,Johnson,47091,18375,11,1.0,1.3565477519394715,95.19621109607576
OK,Oklahoma,Latimer,40077,9526,11,1.0,1.355868535423698,95.16238159675235
GA,Georgia,Calhoun,13037,5457,11,1.0,1.3547168183498028,95.12855209742897
TN,Tennessee,Fentress,47049,19696,11,1.0,1.352870280281347,95.09472259810556
AL,Alabama,Hale,1065,14888,11,1.0,1.348189105450338,95.06089309878216
TN,Tennessee,Perry,47135,8891,11,1.0,1.3480621267779254,95.02706359945871
