stateabbr,statedesc,locationname,locationid,totalpopulation,health_burden_score,burden_percentile,burden_category,indicator_count,indicator_completeness,top_indicator_1,top_indicator_2,top_indicator_3
SD,South Dakota,Oglala Lakota,46102,13434,3.591987579071729,100.0,Very High,11,1.0,CSMOKING,STROKE,DIABETES
SD,South Dakota,Todd,46121,9199,3.334740947028234,99.96617050067658,Very High,11,1.0,CSMOKING,STROKE,DIABETES
LA,Louisiana,East Carroll,22035,6829,3.16297839622122,99.93234100135318,Very High,11,1.0,STROKE,DIABETES,GHLTH
TN,Tennessee,Lake,47095,6347,2.7473138278883984,99.89851150202978,Very High,11,1.0,COPD,CSMOKING,GHLTH
AK,Alaska,Kusilvak,2158,8001,2.739373134949425,99.86468200270636,Very High,11,1.0,CSMOKING,STROKE,GHLTH
LA,Louisiana,Madison,22065,9246,2.72205562151747,99.83085250338294,Very High,11,1.0,STROKE,DIABETES,BPHIGH
AL,Alabama,Bullock,1011,9897,2.702222365794914,99.79702300405954,Very High,11,1.0,STROKE,DIABETES,BPHIGH
WV,West Virginia,McDowell,54047,17439,2.702202630034302,99.76319350473612,Very High,11,1.0,COPD,MHLTH,CSMOKING
ND,North Dakota,Sioux,38085,3643,2.620722960540378,99.72936400541272,Very High,11,1.0,CSMOKING,STROKE,DIABETES
MS,Mississippi,Humphreys,28053,7216,2.603350351043934,99.69553450608932,Very High,11,1.0,STROKE,BPHIGH,DIABETES
AL,Alabama,Greene,1063,7341,2.584462670212301,99.6617050067659,Very High,11,1.0,STROKE,DIABETES,BPHIGH
TN,Tennessee,Hancock,47067,6956,2.545186129519943,99.62787550744248,Very High,11,1.0,COPD,CSMOKING,MHLTH
LA,Louisiana,Claiborne,22027,13670,2.5074514743486747,99.59404600811908,Very High,11,1.0,STROKE,DIABETES,BPHIGH
AL,Alabama,Perry,1105,7738,2.4940697748020666,99.56021650879568,Very High,11,1.0,STROKE,DIABETES,BPHIGH
TX,Texas,Dimmit,48127,8257,2.483934291427307,99.52638700947226,Very High,11,1.0,ACCESS2,GHLTH,DIABETES
WV,West Virginia,Mingo,54059,22023,2.449209241583722,99.49255751014886,Very High,11,1.0,MHLTH,COPD,DEPRESSION
MS,Mississippi,Holmes,28051,15777,2.43043039082877,99.45872801082544,Very High,11,1.0,STROKE,DIABETES,BPHIGH
TX,Texas,Zavala,48507,9312,2.3505609519995443,99.42489851150202,Very High,11,1.0,ACCESS2,GHLTH,DIABETES
MS,Mississippi,Tunica,28143,9234,2.337898689025859,99.39106901217862,Very High,11,1.0,STROKE,BPHIGH,DIABETES
MS,Mississippi,Sharkey,28125,3336,2.2997143957382646,99.35723951285522,Very High,11,1.0,STROKE,BPHIGH,DIABETES
MS,Mississippi,Quitman,28119,5546,2.293205270468889,99.3234100135318,Very High,11,1.0,STROKE,BPHIGH,DIABETES
LA,Louisiana,Tensas,22107,3764,2.26629772493077,99.28958051420838,Very High,11,1.0,STROKE,BPHIGH,DIABETES
AL,Alabama,Wilcox,1131,9944,2.2213081457511565,99.25575101488498,Very High,11,1.0,BPHIGH,STROKE,DIABETES
AR,Arkansas,Desha,5041,10479,2.196237413656435,99.22192151556158,Very High,11,1.0,LPA,STROKE,GHLTH
SD,South Dakota,Mellette,46095,1851,2.1672736261507906,99.18809201623816,Very High,11,1.0,CSMOKING,STROKE,COPD
AL,Alabama,Lowndes,1085,9717,2.152553879780417,99.15426251691474,Very High,11,1.0,STROKE,BPHIGH,DIABETES
LA,Louisiana,Bienville,22013,12366,2.145516107223351,99.12043301759134,Very High,11,1.0,STROKE,DIABETES,BPHIGH
MS,Mississippi,Jefferson,28063,6941,2.115142628991232,99.08660351826794,Very High,11,1.0,STROKE,BPHIGH,DIABETES
TX,Texas,Starr,48427,65934,2.114656143321268,99.05277401894452,Very High,11,1.0,ACCESS2,GHLTH,DIABETES
SD,South Dakota,Buffalo,46017,1884,2.1108329537959154,99.01894451962112,Very High,11,1.0,CSMOKING,STROKE,DIABETES
AR,Arkansas,Phillips,5107,14961,2.0748343587703983,98.9851150202977,Very High,11,1.0,BPHIGH,STROKE,GHLTH
SD,South Dakota,Corson,46031,3782,2.0585351393193494,98.95128552097428,Very High,11,1.0,CSMOKING,STROKE,DIABETES
GA,Georgia,Randolph,13243,6078,2.040564182634078,98.91745602165088,Very High,11,1.0,STROKE,DIABETES,BPHIGH
TX,Texas,Jim Hogg,48247,4720,2.038627422836804,98.88362652232748,Very High,11,1.0,ACCESS2,GHLTH,DIABETES
TX,Texas,Zapata,48505,13736,2.037754334107726,98.84979702300406,Very High,11,1.0,ACCESS2,GHLTH,DIABETES
SD,South Dakota,Ziebach,46137,2322,2.0305099956669737,98.81596752368064,Very High,11,1.0,CSMOKING,STROKE,DIABETES
WV,West Virginia,Calhoun,54013,5959,2.025206965036076,98.78213802435724,Very High,11,1.0,MHLTH,COPD,CSMOKING
MS,Mississippi,Coahoma,28027,20077,1.9930120330070376,98.74830852503383,Very High,11,1.0,STROKE,BPHIGH,DIABETES
MS,Mississippi,Yazoo,28163,25796,1.9897922877297205,98.71447902571042,Very High,11,1.0,STROKE,BPHIGH,DIABETES
AR,Arkansas,Lee,5077,8201,1.9710272090054968,98.680649526387,Very High,11,1.0,STROKE,BPHIGH,GHLTH
MS,Mississippi,Claiborne,28021,8617,1.9571374102436716,98.6468200270636,Very High,11,1.0,STROKE,BPHIGH,DIABETES
NM,New Mexico,McKinley,35031,68797,1.9478899203515017,98.61299052774018,Very High,11,1.0,STROKE,GHLTH,CSMOKING
LA,Louisiana,Concordia,22029,17688,1.9291363550564016,98.57916102841678,Very High,11,1.0,STROKE,BPHIGH,DIABETES
MS,Mississippi,Issaquena,28055,1256,1.92222063941584,98.54533152909336,Very High,11,1.0,STROKE,BPHIGH,DIABETES
LA,Louisiana,Morehouse,22067,23955,1.9138600262020655,98.51150202976996,Very High,11,1.0,BPHIGH,STROKE,DIABETES
TN,Tennessee,Scott,47151,22171,1.9126069840206936,98.47767253044654,Very High,11,1.0,COPD,CSMOKING,MHLTH
TN,Tennessee,Haywood,47075,17328,1.87766934057442,98.44384303112314,Very High,11,1.0,BPHIGH,DIABETES,STROKE
WV,West Virginia,Logan,54045,30827,1.8745601641193343,98.41001353179972,Very High,11,1.0,DEPRESSION,MHLTH,COPD
GA,Georgia,Macon,13193,11817,1.8687683483082689,98.37618403247632,Very High,11,1.0,STROKE,DIABETES,BPHIGH
WV,West Virginia,Wyoming,54109,20277,1.840488679015713,98.34235453315291,Very High,11,1.0,MHLTH,DEPRESSION,COPD
AR,Arkansas,Lafayette,5073,6095,1.8348991750825996,98.3085250338295,Very High,11,1.0,LPA,GHLTH,STROKE
MS,Mississippi,Sunflower,28133,24468,1.826670221113139,98.27469553450608,Very High,11,1.0,STROKE,BPHIGH,DIABETES
GA,Georgia,Telfair,13271,10920,1.8065262528108563,98.24086603518268,Very High,11,1.0,STROKE,DIABETES,ACCESS2
AR,Arkansas,St. Francis,5123,22101,1.7915594439648337,98.20703653585927,Very High,11,1.0,BPHIGH,STROKE,LPA
WV,West Virginia,Lincoln,54043,19701,1.791153028323576,98.17320703653586,Very High,11,1.0,MHLTH,DEPRESSION,COPD
SD,South Dakota,Jackson,46071,2776,1.787931859928362,98.13937753721244,Very High,11,1.0,CSMOKING,STROKE,COPD
GA,Georgia,Hancock,13141,8676,1.7829974351820252,98.10554803788904,Very High,11,1.0,STROKE,DIABETES,BPHIGH
WV,West Virginia,Webster,54101,8045,1.7829971837195806,98.07171853856563,Very High,11,1.0,MHLTH,DEPRESSION,COPD
MO,Missouri,Pemiscot,29155,14613,1.7800614905351024,98.03788903924222,Very High,11,1.0,COPD,CSMOKING,LPA
OK,Oklahoma,Adair,40001,19627,1.778420180951033,98.0040595399188,Very High,11,1.0,CSMOKING,LPA,STROKE
GA,Georgia,Atkinson,13003,8293,1.7756765374936363,97.9702300405954,Very High,11,1.0,ACCESS2,GHLTH,STROKE
MS,Mississippi,Leflore,28083,26378,1.768307676093361,97.93640054127198,Very High,11,1.0,STROKE,BPHIGH,DIABETES
LA,Louisiana,Red River,22081,7356,1.7652448604405426,97.90257104194858,Very High,11,1.0,STROKE,BPHIGH,GHLTH
MS,Mississippi,Noxubee,28103,9914,1.7506959779960949,97.86874154262516,Very High,11,1.0,STROKE,BPHIGH,DIABETES
NC,North Carolina,Robeson,37155,117365,1.7492685555577303,97.83491204330176,Very High,11,1.0,STROKE,DIABETES,OBESITY
WV,West Virginia,Roane,54087,13743,1.7478606950827411,97.80108254397834,Very High,11,1.0,MHLTH,DEPRESSION,COPD
LA,Louisiana,Webster,22119,35238,1.7449692898444764,97.76725304465494,Very High,11,1.0,STROKE,MHLTH,COPD
SD,South Dakota,Dewey,46041,5208,1.7384873901168965,97.73342354533152,Very High,11,1.0,CSMOKING,STROKE,DIABETES
LA,Louisiana,Avoyelles,22009,38408,1.732703930048994,97.69959404600812,Very High,11,1.0,BPHIGH,MHLTH,COPD
TX,Texas,Cochran,48079,2509,1.731948657793359,97.66576454668473,Very High,11,1.0,ACCESS2,GHLTH,LPA
WV,West Virginia,Clay,54015,7783,1.7256934556707095,97.6319350473613,Very High,11,1.0,MHLTH,DEPRESSION,COPD
TX,Texas,Willacy,48489,20037,1.7141355965023144,97.59810554803788,Very High,11,1.0,ACCESS2,GHLTH,DIABETES
TX,Texas,San Augustine,48405,7833,1.7089263492197342,97.56427604871448,Very High,11,1.0,COPD,STROKE,GHLTH
SC,South Carolina,Dillon,45033,27698,1.6875381763307231,97.53044654939109,Very High,11,1.0,STROKE,DIABETES,COPD
TN,Tennessee,Lauderdale,47097,24610,1.680667523384927,97.49661705006766,Very High,11,1.0,CSMOKING,MHLTH,OBESITY
WV,West Virginia,Braxton,54007,12162,1.6753599097858125,97.46278755074424,Very High,11,1.0,MHLTH,COPD,CSMOKING
MS,Mississippi,Bolivar,28011,28968,1.6744607708194996,97.42895805142084,Very High,11,1.0,BPHIGH,STROKE,DIABETES
AL,Alabama,Conecuh,1035,11174,1.6582885430700147,97.39512855209745,Very High,11,1.0,BPHIGH,STROKE,DIABETES
LA,Louisiana,Franklin,22041,19285,1.652494529022904,97.36129905277402,Very High,11,1.0,COPD,STROKE,MHLTH
GA,Georgia,Stewart,13259,4674,1.6501461608342785,97.3274695534506,Very High,11,1.0,ACCESS2,STROKE,DIABETES
AL,Alabama,Dallas,1047,36165,1.643727217728466,97.2936400541272,Very High,11,1.0,BPHIGH,STROKE,DIABETES
SD,South Dakota,Bennett,46007,3305,1.643449265419472,97.2598105548038,Very High,11,1.0,CSMOKING,STROKE,DIABETES
GA,Georgia,Terrell,13273,8718,1.6372949766615987,97.22598105548036,Very High,11,1.0,STROKE,DIABETES,BPHIGH
AR,Arkansas,Chicot,5017,9538,1.6365053392041835,97.19215155615696,Very High,11,1.0,BPHIGH,STROKE,LPA
AK,Alaska,Bethel,2050,18224,1.632745819680868,97.15832205683355,Very High,11,1.0,CSMOKING,STROKE,GHLTH
MS,Mississippi,Washington,28151,41946,1.6223027529102736,97.12449255751014,Very High,11,1.0,STROKE,BPHIGH,DIABETES
GA,Georgia,Treutlen,13283,6341,1.6212059906926286,97.09066305818676,Very High,11,1.0,STROKE,COPD,DIABETES
LA,Louisiana,St. Helena,22091,10774,1.6153767597302406,97.05683355886332,Very High,11,1.0,STROKE,BPHIGH,DIABETES
SC,South Carolina,Marlboro,45069,25704,1.609773090693586,97.02300405953991,Very High,11,1.0,STROKE,DIABETES,BPHIGH
SC,South Carolina,Marion,45067,28508,1.5970588309003817,96.98917456021653,Very High,11,1.0,DIABETES,STROKE,BPHIGH
OK,Oklahoma,Okfuskee,40107,11300,1.585771280266152,96.9553450608931,Very High,11,1.0,CSMOKING,COPD,STROKE
TN,Tennessee,Bledsoe,47007,15060,1.582566529387914,96.92151556156968,Very High,11,1.0,COPD,CSMOKING,MHLTH
MS,Mississippi,Wilkinson,28157,8058,1.5781266404364591,96.88768606224627,Very High,11,1.0,BPHIGH,STROKE,DIABETES
MO,Missouri,Mississippi,29133,11822,1.5769667033864307,96.85385656292289,Very High,11,1.0,LPA,COPD,CSMOKING
LA,Louisiana,Evangeline,22039,31754,1.562567759445122,96.82002706359944,Very High,11,1.0,COPD,BPHIGH,STROKE
AL,Alabama,Sumter,1119,11727,1.5620582783208052,96.78619756427604,Very High,11,1.0,BPHIGH,DIABETES,STROKE
SC,South Carolina,Allendale,45005,7369,1.5555020226397729,96.75236806495263,Very High,11,1.0,STROKE,DIABETES,BPHIGH
GA,Georgia,Taylor,13269,7758,1.5542528157866604,96.71853856562925,Very High,11,1.0,STROKE,DIABETES,COPD
WV,West Virginia,Summers,54089,11581,1.5511855078345678,96.6847090663058,Very High,11,1.0,MHLTH,DEPRESSION,COPD
LA,Louisiana,St. Landry,22097,81464,1.5349559768146803,96.6508795669824,Very High,11,1.0,STROKE,BPHIGH,GHLTH
TN,Tennessee,Pickett,47137,5128,1.527852001562796,96.617050067659,Very High,11,1.0,COPD,DEPRESSION,MHLTH
MT,Montana,Glacier,30035,13609,1.5265176780177063,96.5832205683356,Very High,11,1.0,CSMOKING,STROKE,MHLTH
MS,Mississippi,Tallahatchie,28135,11837,1.5112409307123746,96.54939106901216,Very High,11,1.0,BPHIGH,STROKE,DIABETES
GA,Georgia,Jenkins,13165,8627,1.510318095867983,96.51556156968876,Very High,11,1.0,STROKE,DIABETES,BPHIGH
TX,Texas,Hudspeth,48229,3451,1.4998253871866751,96.48173207036535,Very High,11,1.0,ACCESS2,GHLTH,DIABETES
LA,Louisiana,Catahoula,22025,8414,1.4968296015279172,96.44790257104194,Very High,11,1.0,STROKE,GHLTH,COPD
TN,Tennessee,Decatur,47039,11656,1.4877843028484887,96.41407307171856,Very High,11,1.0,DEPRESSION,COPD,CSMOKING
AR,Arkansas,Ashley,5003,18262,1.4781977673719886,96.38024357239512,Very High,11,1.0,LPA,BPHIGH,GHLTH
TX,Texas,Newton,48351,12039,1.4766851151852045,96.34641407307171,Very High,11,1.0,MHLTH,COPD,CSMOKING
AL,Alabama,Barbour,1005,24585,1.4761053695576911,96.31258457374832,Very High,11,1.0,BPHIGH,STROKE,DIABETES
MO,Missouri,Dunklin,29069,27032,1.4731422413774609,96.2787550744249,Very High,11,1.0,LPA,COPD,CSMOKING
OK,Oklahoma,Coal,40029,5266,1.4730977384268051,96.24492557510148,Very High,11,1.0,CSMOKING,COPD,LPA
WV,West Virginia,Barbour,54001,15378,1.472721968244319,96.21109607577807,Very High,11,1.0,MHLTH,DEPRESSION,COPD
WV,West Virginia,Ritchie,54085,8167,1.464245437238073,96.17726657645468,Very High,11,1.0,MHLTH,DEPRESSION,COPD
GA,Georgia,Baker,13007,2743,1.4532808344870902,96.14343707713124,Very High,11,1.0,STROKE,DIABETES,BPHIGH
TN,Tennessee,Grundy,47061,13955,1.4531139914688964,96.10960757780784,Very High,11,1.0,DEPRESSION,COPD,MHLTH
MS,Mississippi,Lawrence,28077,11741,1.4525211005188965,96.07577807848445,Very High,11,1.0,BPHIGH,LPA,STROKE
LA,Louisiana,Washington,22117,44865,1.451341860881551,96.04194857916104,Very High,11,1.0,BPHIGH,LPA,OBESITY
MS,Mississippi,Jefferson Davis,28065,10969,1.4501582099129544,96.0081190798376,Very High,11,1.0,BPHIGH,STROKE,DIABETES
AR,Arkansas,Nevada,5099,8120,1.450018772400757,95.9742895805142,Very High,11,1.0,BPHIGH,LPA,STROKE
AL,Alabama,Escambia,1053,36558,1.4480288047295424,95.9404600811908,Very High,11,1.0,BPHIGH,STROKE,GHLTH
TN,Tennessee,Cocke,47029,37404,1.4368709478367074,95.9066305818674,Very High,11,1.0,DEPRESSION,MHLTH,COPD
LA,Louisiana,Acadia,22001,56489,1.4366505624585133,95.87280108254396,Very High,11,1.0,DEPRESSION,MHLTH,COPD
AR,Arkansas,Jackson,5067,16784,1.4358308255991237,95.83897158322056,Very High,11,1.0,LPA,COPD,GHLTH
WV,West Virginia,Raleigh,54081,72356,1.4310980153737645,95.80514208389717,Very High,11,1.0,MHLTH,DEPRESSION,COPD
NC,North Carolina,Scotland,37165,34376,1.4273130638110796,95.77131258457376,Very High,11,1.0,STROKE,BPHIGH,DIABETES
OK,Oklahoma,Seminole,40133,23565,1.423203234470562,95.73748308525036,Very High,11,1.0,CSMOKING,COPD,LPA
LA,Louisiana,Richland,22083,19712,1.4189514637327454,95.70365358592692,Very High,11,1.0,BPHIGH,STROKE,MHLTH
MS,Mississippi,Pike,28113,39394,1.4169358391514704,95.66982408660353,Very High,11,1.0,BPHIGH,STROKE,DIABETES
LA,Louisiana,Caldwell,22021,9389,1.4104965100158768,95.63599458728012,Very High,11,1.0,CSMOKING,MHLTH,COPD
ND,North Dakota,Rolette,38079,11728,1.4082219582901914,95.6021650879567,Very High,11,1.0,CSMOKING,OBESITY,STROKE
LA,Louisiana,St. Mary,22101,47055,1.4068350202238105,95.56833558863327,Very High,11,1.0,MHLTH,BPHIGH,STROKE
WV,West Virginia,Pocahontas,54075,7765,1.403711581331328,95.53450608930989,Very High,11,1.0,MHLTH,DEPRESSION,COPD
WV,West Virginia,Boone,54005,20576,1.400325505747689,95.50067658998648,Very High,11,1.0,MHLTH,DEPRESSION,COPD
TX,Texas,Brooks,48047,6848,1.399356969690824,95.46684709066304,Very High,11,1.0,ACCESS2,GHLTH,DIABETES
GA,Georgia,Turner,13287,8909,1.3987816955944488,95.43301759133963,Very High,11,1.0,STROKE,DIABETES,LPA
OK,Oklahoma,Sequoyah,40135,40291,1.3983659776122954,95.39918809201625,Very High,11,1.0,OBESITY,CSMOKING,COPD
MO,Missouri,Hickory,29085,8718,1.388446055514096,95.36535859269284,Very High,11,1.0,COPD,CSMOKING,LPA
GA,Georgia,Ben Hill,13017,17128,1.3867978855154866,95.3315290933694,Very High,11,1.0,STROKE,DIABETES,BPHIGH
VA,Virginia,Hopewell,51670,22752,1.3832766017242124,95.297699594046,Very High,11,1.0,STROKE,DIABETES,OBESITY
TN,Tennessee,Hardeman,47069,25567,1.3808945370445649,95.2638700947226,Very High,11,1.0,BPHIGH,CSMOKING,DIABETES
TN,Tennessee,Clay,47027,7714,1.3719432751325764,95.2300405953992,Very High,11,1.0,DEPRESSION,MHLTH,COPD
TN,Tennessee,Johnson,47091,18375,1.3565477519394715,95.19621109607576,Very High,11,1.0,COPD,DEPRESSION,CSMOKING
OK,Oklahoma,Latimer,40077,9526,1.355868535423698,95.16238159675235,Very High,11,1.0,CSMOKING,COPD,LPA
GA,Georgia,Calhoun,13037,5457,1.3547168183498028,95.12855209742897,Very High,11,1.0,STROKE,DIABETES,BPHIGH
TN,Tennessee,Fentress,47049,19696,1.352870280281347,95.09472259810556,Very High,11,1.0,DEPRESSION,MHLTH,COPD
AL,Alabama,Hale,1065,14888,1.348189105450338,95.06089309878216,Very High,11,1.0,BPHIGH,STROKE,DIABETES
TN,Tennessee,Perry,47135,8891,1.3480621267779254,95.02706359945871,Very High,11,1.0,DEPRESSION,MHLTH,COPD
