stateabbr,statedesc,counties_analyzed,mean_burden,median_burden,max_burden,min_burden,mean_percentile,very_low_count,low_count,moderate_count,high_count,very_high_count,high_burden_count,very_high_burden_count,high_or_very_high_count,high_or_very_high_pct,state_burden_rank
WV,West Virginia,55,1.136859186944124,1.0911508637153784,2.702202630034302,-0.0242697195154083,88.00344445811292,0,0,2,7,46,7,46,53,96.36363636363636,1
LA,Louisiana,64,1.0574892765159742,0.978752838210414,3.16297839622122,-0.2140007409512896,84.39244333558864,0,0,5,14,45,14,45,59,92.1875,2
MS,Mississippi,82,0.9527786935933419,0.9530919433117948,2.603350351043934,-0.7010635437740432,81.56086009439254,1,2,7,20,52,20,52,72,87.8048780487805,3
TN,Tennessee,95,0.8471059710617573,0.8847148911024807,2.7473138278883984,-1.2528042077717825,81.10034897799302,1,1,10,19,64,19,64,83,87.36842105263159,4
AR,Arkansas,75,0.8400117040253091,0.7952068346992768,2.196237413656435,-0.5954804809040716,81.32972485340551,0,1,6,21,47,21,47,68,90.66666666666666,5
AL,Alabama,67,0.7569862868368943,0.71893404082657,2.702222365794914,-1.0092135930917667,76.74600609940823,1,2,7,21,36,21,36,57,85.07462686567165,6
OK,Oklahoma,77,0.5778707270454916,0.5425018457250483,1.778420180951033,-0.4090866100720465,73.77379048556314,0,2,13,30,32,30,32,62,80.51948051948052,7
GA,Georgia,159,0.4436135012748323,0.5346245012522939,2.040564182634078,-1.6643454446215555,67.15687526063608,11,15,24,42,67,42,67,109,68.55345911949685,8
MO,Missouri,115,0.3866683258274501,0.3992652893658261,1.7800614905351024,-1.0068280150718198,67.04477260693064,3,7,27,46,32,46,32,78,67.82608695652173,9
SC,South Carolina,46,0.3605089714055561,0.32239319928438553,1.6875381763307231,-1.183426429161766,63.8634759075131,3,8,8,12,15,12,15,27,58.69565217391305,10
TX,Texas,253,0.27297323238481447,0.2753897723463726,2.483934291427307,-1.327496864193404,61.787507955949444,16,29,53,101,54,101,54,155,61.26482213438735,11
OH,Ohio,88,0.13420424512404502,0.1682346682519955,1.292122294184907,-1.5400740986521884,57.715432402509535,5,13,25,35,10,35,10,45,51.13636363636363,12
IN,Indiana,92,0.12685470554903833,0.1259235588738441,1.2288598089680955,-1.5034104655613163,58.273151144319584,4,8,34,41,5,41,5,46,50.0,13
NC,North Carolina,100,0.06983025743295762,0.0204275574362,1.7492685555577303,-1.2967796442659676,53.834235453315294,17,9,32,23,19,23,19,42,42.0,14
NM,New Mexico,33,0.009165736652936848,0.0587207411529039,1.9478899203515017,-2.1101792052851707,52.86013039734285,4,4,10,12,3,12,3,15,45.45454545454545,15
MI,Michigan,83,-0.03758537712103412,0.0882632959570009,0.9529923249292196,-1.2624426383071488,51.250876306307774,11,10,25,36,1,36,1,37,44.57831325301205,16
VA,Virginia,133,-0.06597510638823886,-0.0863263789661932,1.3832766017242124,-1.9766158529641809,49.278643157284286,21,34,28,28,22,28,22,50,37.59398496240601,17
FL,Florida,67,-0.09961071469973967,-0.2098870419953202,1.2854181973825798,-1.417347460801643,46.3585321026801,15,16,12,10,14,10,14,24,35.82089552238806,18
NV,Nevada,17,-0.11234825186461242,-0.1660833964669938,0.994134459960502,-1.098101356606802,46.847886651277555,3,2,7,3,2,3,2,5,29.411764705882355,19
AK,Alaska,30,-0.22247315825639186,-0.555682223662749,2.739373134949425,-1.1228414949235723,37.75259359494814,13,6,3,3,5,3,5,8,26.666666666666668,20
SD,South Dakota,66,-0.23489424035420442,-0.5714658095631843,3.591987579071729,-1.434731119644204,34.160618362242175,28,21,5,3,9,3,9,12,18.181818181818183,21
AZ,Arizona,15,-0.24266625043321294,-0.1787892892298859,1.127612266176517,-1.0576214729340454,40.80288678394226,4,3,5,2,1,2,1,3,20.0,22
ME,Maine,16,-0.25408767668649435,-0.16948918918953354,0.5156694902079653,-1.2226355957616326,41.348105548037886,6,1,6,3,0,3,0,3,18.75,23
KS,Kansas,105,-0.26725869158780746,-0.2574815188690349,0.5838061651419966,-1.5897378642097202,40.68303370062504,12,37,44,12,0,12,0,12,11.428571428571429,24
OR,Oregon,36,-0.2712431509526038,-0.161743869680092,0.5404724077727585,-1.2125392028169644,40.64050518718989,7,9,16,4,0,4,0,4,11.11111111111111,25
IL,Illinois,102,-0.28288704103315604,-0.26747545150873275,1.067043603289173,-1.5988938467609335,40.15362572633925,15,34,42,9,2,9,2,11,10.784313725490197,26
MT,Montana,56,-0.36707378736883056,-0.4744386677331936,1.5265176780177063,-1.5397716584187096,35.12710226174367,18,19,9,7,3,7,3,10,17.857142857142858,27
DE,Delaware,3,-0.37383740819867173,-0.5239981227251443,0.1387092518997748,-0.7362233537706455,35.13757329724854,1,1,0,1,0,1,0,1,33.33333333333333,28
WI,Wisconsin,72,-0.4221965709626213,-0.4108249700197935,1.011488160844416,-1.45047472704512,33.665050368365655,14,33,22,2,1,2,1,3,4.166666666666666,29
IA,Iowa,99,-0.43396616737257115,-0.4054274011841766,0.4055113435100718,-1.4583316216140256,32.82691597982532,19,47,30,3,0,3,0,3,3.0303030303030303,30
ID,Idaho,44,-0.4913442957646128,-0.512767447717609,0.3801891160330546,-1.546412778832743,30.936308279001114,14,16,11,3,0,3,0,3,6.8181818181818175,31
MD,Maryland,24,-0.5283328908527184,-0.5926915146879232,0.5506019125161594,-1.7383265223571316,31.161197564276048,11,5,3,5,0,5,0,5,20.833333333333336,32
MN,Minnesota,87,-0.5831892245625327,-0.5471718130509426,1.1842460859503896,-1.5782570067811363,26.181699407400487,30,45,11,0,1,0,1,1,1.1494252873563218,33
ND,North Dakota,53,-0.5891917852314867,-0.7088250272673726,2.620722960540378,-1.3445359476146457,23.827456787601808,28,19,3,0,3,0,3,3,5.660377358490567,34
CA,California,58,-0.590967803496967,-0.5675063206345837,0.4037359246179823,-1.7975345941024854,28.880476879287013,27,10,14,7,0,7,0,7,12.068965517241379,35
WY,Wyoming,23,-0.5993792067205613,-0.5042920734549853,-0.1322277381963656,-1.8897328359460344,26.431134906159908,7,13,3,0,0,0,0,0,0.0,36
WA,Washington,39,-0.6362731895527457,-0.6792732418081815,0.4336207147065758,-1.8597043682186525,25.291454148017067,19,10,9,1,0,1,0,1,2.564102564102564,37
NE,Nebraska,93,-0.6768892740974005,-0.6856539013617038,0.4218170842918263,-1.345978678597052,21.63341918023484,44,43,5,1,0,1,0,1,1.0752688172043012,38
NY,New York,62,-0.7599630987394677,-0.7240389440349637,0.2217125779523981,-1.732023771276716,20.24859225631847,34,23,4,1,0,1,0,1,1.6129032258064515,39
UT,Utah,29,-0.7620870826421084,-0.7423104929724095,0.5209334390451397,-1.9700704606295083,20.78881060146517,17,9,2,1,0,1,0,1,3.4482758620689653,40
VT,Vermont,14,-0.9536996726854979,-0.995970074078321,-0.1286639700689895,-1.647586579491125,13.357819447129327,10,3,1,0,0,0,0,0,0.0,41
CO,Colorado,64,-0.9552306839968099,-0.8762293941650435,0.7288634117917645,-2.026000639272793,18.09138193504736,39,16,7,1,1,1,1,2,3.125,42
CT,Connecticut,9,-0.9959271569523023,-0.8971633285685414,-0.7056065142012756,-1.6087228030319232,10.54728612238761,9,0,0,0,0,0,0,0,0.0,43
NH,New Hampshire,10,-1.0370374116013277,-1.0935335668599888,-0.3181690901748176,-1.426624739108472,10.03382949932341,9,1,0,0,0,0,0,0,0.0,44
MA,Massachusetts,14,-1.0812729530661689,-1.0676382240446076,-0.0421086598995871,-1.7091792578132454,11.294219988401318,12,1,1,0,0,0,0,0,0.0,45
RI,Rhode Island,5,-1.0909321580525353,-1.3778507975139946,-0.4320738597279612,-1.4564444760758504,11.217861975642759,4,1,0,0,0,0,0,0,0.0,46
HI,Hawaii,5,-1.0974516660286617,-1.2709920023426435,-0.692350247424897,-1.3710667525431324,8.450608930987821,5,0,0,0,0,0,0,0,0.0,47
NJ,New Jersey,21,-1.1245203176032839,-1.1051460744888462,0.2482079339613427,-1.9692836463071115,11.067079064372702,18,2,0,1,0,1,0,1,4.761904761904762,48
DC,District of Columbia,1,-1.5329140846532132,-1.5329140846532132,-1.5329140846532132,-1.5329140846532132,1.8267929634641409,1,0,0,0,0,0,0,0,0.0,49
